run_id,dataset,evidence_source_id,population,state,reason,source_rows,exported_rows,unavailable_rows,details_json
audit:3a5fff3da2323fab0e111e3f,run,audit:3a5fff3da2323fab0e111e3f,crawl,unknown,audit source does not establish a completed native crawl,6,6,6,"{""source_kind"":""sf-audit"",""source_schema"":""2.0""}"
audit:3a5fff3da2323fab0e111e3f,pages,audit:3a5fff3da2323fab0e111e3f,dataset,available,,6,6,,"{""source_rows"":6}"
audit:3a5fff3da2323fab0e111e3f,findings,audit:3a5fff3da2323fab0e111e3f,dataset,available,,25,25,,"{""source_rows"":25}"
audit:3a5fff3da2323fab0e111e3f,link_occurrences,audit:3a5fff3da2323fab0e111e3f,dataset,unavailable,audit document does not retain a complete link-occurrence inventory,,0,,"{""source_rows"":null}"
audit:3a5fff3da2323fab0e111e3f,metrics,audit:3a5fff3da2323fab0e111e3f,dataset,available,,,16,,"{""provider_sources"":2}"
audit:3a5fff3da2323fab0e111e3f,cohorts,audit:3a5fff3da2323fab0e111e3f,dataset,available,,30,30,,"{""page_rows"":6,""search_metric"":""clicks""}"
audit:3a5fff3da2323fab0e111e3f,checks,IMG_MISSING_ALT,check,skipped,missing export: images_missing_alt,1,0,1,"{""id"":""IMG_MISSING_ALT"",""reason"":""missing export: images_missing_alt""}"
audit:3a5fff3da2323fab0e111e3f,checks,IMG_OVER_KB,check,skipped,missing export: images_over_kb,1,0,1,"{""id"":""IMG_OVER_KB"",""reason"":""missing export: images_over_kb""}"
audit:3a5fff3da2323fab0e111e3f,checks,IMG_MISSING_DIMENSIONS,check,skipped,missing export: images_missing_size,1,0,1,"{""id"":""IMG_MISSING_DIMENSIONS"",""reason"":""missing export: images_missing_size""}"
audit:3a5fff3da2323fab0e111e3f,checks,MIXED_CONTENT,check,skipped,missing export: security_mixed,1,0,1,"{""id"":""MIXED_CONTENT"",""reason"":""missing export: security_mixed""}"
audit:3a5fff3da2323fab0e111e3f,checks,MISSING_HSTS,check,skipped,missing export: security_hsts,1,0,1,"{""id"":""MISSING_HSTS"",""reason"":""missing export: security_hsts""}"
audit:3a5fff3da2323fab0e111e3f,checks,STRUCTURED_DATA_MISSING,check,skipped,missing export: structured_data_missing,1,0,1,"{""id"":""STRUCTURED_DATA_MISSING"",""reason"":""missing export: structured_data_missing""}"
audit:3a5fff3da2323fab0e111e3f,checks,HREFLANG_ERROR,check,skipped,missing export: hreflang,1,0,1,"{""id"":""HREFLANG_ERROR"",""reason"":""missing export: hreflang""}"
audit:3a5fff3da2323fab0e111e3f,checks,HREFLANG_BROKEN_TARGET,check,skipped,missing export: all_hreflang,1,0,1,"{""id"":""HREFLANG_BROKEN_TARGET"",""reason"":""missing export: all_hreflang""}"
audit:3a5fff3da2323fab0e111e3f,checks,SITEMAP_URL_4XX_5XX,check,skipped,missing export: sitemap_non_200,1,0,1,"{""id"":""SITEMAP_URL_4XX_5XX"",""reason"":""missing export: sitemap_non_200""}"
audit:3a5fff3da2323fab0e111e3f,checks,SITEMAP_URL_3XX,check,skipped,missing export: sitemap_redirects,1,0,1,"{""id"":""SITEMAP_URL_3XX"",""reason"":""missing export: sitemap_redirects""}"
audit:3a5fff3da2323fab0e111e3f,checks,SITEMAP_URL_NON_INDEXABLE,check,skipped,missing export: sitemap_non_indexable,1,0,1,"{""id"":""SITEMAP_URL_NON_INDEXABLE"",""reason"":""missing export: sitemap_non_indexable""}"
audit:3a5fff3da2323fab0e111e3f,checks,BROKEN_BOOKMARK,check,skipped,export input retains no HTML/DOM bodies; fragment targets are measured only from a native retained scan,1,0,1,"{""id"":""BROKEN_BOOKMARK"",""reason"":""export input retains no HTML/DOM bodies; fragment targets are measured only from a native retained scan""}"
audit:3a5fff3da2323fab0e111e3f,checks,DESC_MULTIPLE,check,skipped,no meta description count evidence (native crawl only),1,0,1,"{""id"":""DESC_MULTIPLE"",""reason"":""no meta description count evidence (native crawl only)""}"
audit:3a5fff3da2323fab0e111e3f,checks,H2_MISSING,check,skipped,requirements.require_h2 is false; the check was not evaluated,1,0,1,"{""id"":""H2_MISSING"",""reason"":""requirements.require_h2 is false; the check was not evaluated""}"
audit:3a5fff3da2323fab0e111e3f,checks,H1_ALT_TEXT_ONLY,check,skipped,no H1 alt-text evidence (native crawl only),1,0,1,"{""id"":""H1_ALT_TEXT_ONLY"",""reason"":""no H1 alt-text evidence (native crawl only)""}"
audit:3a5fff3da2323fab0e111e3f,checks,HEADING_BEFORE_H1,check,skipped,no heading outline evidence (native crawl only),1,0,1,"{""id"":""HEADING_BEFORE_H1"",""reason"":""no heading outline evidence (native crawl only)""}"
audit:3a5fff3da2323fab0e111e3f,checks,HEADING_IN_PAGE_CHROME,check,skipped,no heading outline evidence (native crawl only),1,0,1,"{""id"":""HEADING_IN_PAGE_CHROME"",""reason"":""no heading outline evidence (native crawl only)""}"
audit:3a5fff3da2323fab0e111e3f,checks,HEADING_SKIP,check,skipped,no heading outline evidence (native crawl only),1,0,1,"{""id"":""HEADING_SKIP"",""reason"":""no heading outline evidence (native crawl only)""}"
audit:3a5fff3da2323fab0e111e3f,checks,LINK_INSIDE_HEADING,check,skipped,no link-placement evidence (native crawl only),1,0,1,"{""id"":""LINK_INSIDE_HEADING"",""reason"":""no link-placement evidence (native crawl only)""}"
audit:3a5fff3da2323fab0e111e3f,checks,IMAGE_LINK_WITHOUT_TEXT,check,skipped,no link-placement evidence (native crawl only),1,0,1,"{""id"":""IMAGE_LINK_WITHOUT_TEXT"",""reason"":""no link-placement evidence (native crawl only)""}"
audit:3a5fff3da2323fab0e111e3f,checks,META_KEYWORDS_PRESENT,check,skipped,no Meta Keywords 1 column in Internal:All,1,0,1,"{""id"":""META_KEYWORDS_PRESENT"",""reason"":""no Meta Keywords 1 column in Internal:All""}"
audit:3a5fff3da2323fab0e111e3f,checks,PAGINATION_CANONICAL_POLICY,check,skipped,no pagination canonical policy configured,1,0,1,"{""id"":""PAGINATION_CANONICAL_POLICY"",""reason"":""no pagination canonical policy configured""}"
audit:3a5fff3da2323fab0e111e3f,checks,FILTER_CANONICAL_POLICY,check,skipped,no filters canonical policy configured,1,0,1,"{""id"":""FILTER_CANONICAL_POLICY"",""reason"":""no filters canonical policy configured""}"
audit:3a5fff3da2323fab0e111e3f,checks,CONTENT_IN_IFRAME,check,skipped,no iframe inventory in this evidence,1,0,1,"{""id"":""CONTENT_IN_IFRAME"",""reason"":""no iframe inventory in this evidence""}"
audit:3a5fff3da2323fab0e111e3f,checks,SCHEMA_VALIDATION_ERROR,check,skipped,no Structured Data validation columns in Internal:All,1,0,1,"{""id"":""SCHEMA_VALIDATION_ERROR"",""reason"":""no Structured Data validation columns in Internal:All""}"
audit:3a5fff3da2323fab0e111e3f,checks,STRUCTURED_DATA_PARSE_ERROR,check,skipped,no JSON-LD found/parsed block counts (native crawl only),1,0,1,"{""id"":""STRUCTURED_DATA_PARSE_ERROR"",""reason"":""no JSON-LD found/parsed block counts (native crawl only)""}"
audit:3a5fff3da2323fab0e111e3f,checks,READABILITY_DIFFICULT,check,skipped,no Readability/Flesch column,1,0,1,"{""id"":""READABILITY_DIFFICULT"",""reason"":""no Readability/Flesch column""}"
audit:3a5fff3da2323fab0e111e3f,checks,LONG_SENTENCES,check,skipped,no Average Words Per Sentence column,1,0,1,"{""id"":""LONG_SENTENCES"",""reason"":""no Average Words Per Sentence column""}"
audit:3a5fff3da2323fab0e111e3f,checks,SPELLING_ERRORS,check,skipped,no Spelling Errors column (enable spell-check in SF),1,0,1,"{""id"":""SPELLING_ERRORS"",""reason"":""no Spelling Errors column (enable spell-check in SF)""}"
audit:3a5fff3da2323fab0e111e3f,checks,GRAMMAR_ERRORS,check,skipped,no Grammar Errors column (enable grammar-check in SF),1,0,1,"{""id"":""GRAMMAR_ERRORS"",""reason"":""no Grammar Errors column (enable grammar-check in SF)""}"
audit:3a5fff3da2323fab0e111e3f,checks,HTTP_REFRESH_REDIRECT,check,skipped,no Refresh response header evidence (native crawl only),1,0,1,"{""id"":""HTTP_REFRESH_REDIRECT"",""reason"":""no Refresh response header evidence (native crawl only)""}"
audit:3a5fff3da2323fab0e111e3f,checks,CANONICAL_MULTIPLE,check,skipped,no Canonical Link Element 2 column in Internal:All,1,0,1,"{""id"":""CANONICAL_MULTIPLE"",""reason"":""no Canonical Link Element 2 column in Internal:All""}"
audit:3a5fff3da2323fab0e111e3f,checks,PAGINATION_LOOP,check,skipped,"no rel=""next"" column in Internal:All",1,0,1,"{""id"":""PAGINATION_LOOP"",""reason"":""no rel=\""next\"" column in Internal:All""}"
audit:3a5fff3da2323fab0e111e3f,checks,UNLINKED_PAGINATION_SERIES,check,skipped,"no rel=""next"" column in Internal:All",1,0,1,"{""id"":""UNLINKED_PAGINATION_SERIES"",""reason"":""no rel=\""next\"" column in Internal:All""}"
audit:3a5fff3da2323fab0e111e3f,checks,PAGINATION_SEQUENCE_ERROR,check,skipped,"no rel=""next"" column in Internal:All",1,0,1,"{""id"":""PAGINATION_SEQUENCE_ERROR"",""reason"":""no rel=\""next\"" column in Internal:All""}"
audit:3a5fff3da2323fab0e111e3f,checks,HTTP1_ONLY,check,skipped,no HTTP Version column in Internal:All,1,0,1,"{""id"":""HTTP1_ONLY"",""reason"":""no HTTP Version column in Internal:All""}"
audit:3a5fff3da2323fab0e111e3f,checks,AMPHTML_PRESENT,check,skipped,no amphtml Link Element column in Internal:All,1,0,1,"{""id"":""AMPHTML_PRESENT"",""reason"":""no amphtml Link Element column in Internal:All""}"
audit:3a5fff3da2323fab0e111e3f,checks,LOREM_IPSUM_PLACEHOLDER,check,skipped,no Lorem Ipsum evidence (native crawl only),1,0,1,"{""id"":""LOREM_IPSUM_PLACEHOLDER"",""reason"":""no Lorem Ipsum evidence (native crawl only)""}"
audit:3a5fff3da2323fab0e111e3f,checks,UNSUPPORTED_PLUGIN,check,skipped,no plugin-element evidence (native crawl only),1,0,1,"{""id"":""UNSUPPORTED_PLUGIN"",""reason"":""no plugin-element evidence (native crawl only)""}"
audit:3a5fff3da2323fab0e111e3f,checks,IMG_MISSING_ALT_ATTRIBUTE,check,skipped,no per-image evidence (native crawl only),1,0,1,"{""id"":""IMG_MISSING_ALT_ATTRIBUTE"",""reason"":""no per-image evidence (native crawl only)""}"
audit:3a5fff3da2323fab0e111e3f,checks,IMG_ALT_TOO_LONG,check,skipped,no per-image evidence (native crawl only),1,0,1,"{""id"":""IMG_ALT_TOO_LONG"",""reason"":""no per-image evidence (native crawl only)""}"
audit:3a5fff3da2323fab0e111e3f,checks,AJAX_CRAWLING_SCHEME_URL,check,skipped,no AJAX-scheme URL evidence (native crawl only),1,0,1,"{""id"":""AJAX_CRAWLING_SCHEME_URL"",""reason"":""no AJAX-scheme URL evidence (native crawl only)""}"
audit:3a5fff3da2323fab0e111e3f,checks,AJAX_CRAWLING_SCHEME_META_FRAGMENT,check,skipped,"no <meta name=""fragment""> evidence (native crawl only)",1,0,1,"{""id"":""AJAX_CRAWLING_SCHEME_META_FRAGMENT"",""reason"":""no <meta name=\""fragment\""> evidence (native crawl only)""}"
audit:3a5fff3da2323fab0e111e3f,checks,MISSING_CHARSET,check,skipped,"no Meta Charset column, so a page without a header charset cannot be distinguished from one declaring <meta charset> (needs a native seohead crawl or Custom Extraction in SF)",1,0,1,"{""id"":""MISSING_CHARSET"",""reason"":""no Meta Charset column, so a page without a header charset cannot be distinguished from one declaring <meta charset> (needs a native seohead crawl or Custom Extraction in SF)""}"
audit:3a5fff3da2323fab0e111e3f,checks,MISSING_DOCTYPE,check,skipped,no Doctype column (needs a native seohead crawl or Custom Extraction in SF),1,0,1,"{""id"":""MISSING_DOCTYPE"",""reason"":""no Doctype column (needs a native seohead crawl or Custom Extraction in SF)""}"
audit:3a5fff3da2323fab0e111e3f,checks,VIEWPORT_MISSING,check,skipped,no Viewport column (needs a native seohead crawl or Custom Extraction in SF),1,0,1,"{""id"":""VIEWPORT_MISSING"",""reason"":""no Viewport column (needs a native seohead crawl or Custom Extraction in SF)""}"
audit:3a5fff3da2323fab0e111e3f,checks,NO_COMPRESSION,check,skipped,no Content-Encoding column (needs a native seohead crawl or Custom Extraction in SF),1,0,1,"{""id"":""NO_COMPRESSION"",""reason"":""no Content-Encoding column (needs a native seohead crawl or Custom Extraction in SF)""}"
audit:3a5fff3da2323fab0e111e3f,checks,TITLE_OUTSIDE_HEAD,check,skipped,no element-position evidence (needs a native seohead crawl; Screaming Frog has no notion of this on its own),1,0,1,"{""id"":""TITLE_OUTSIDE_HEAD"",""reason"":""no element-position evidence (needs a native seohead crawl; Screaming Frog has no notion of this on its own)""}"
audit:3a5fff3da2323fab0e111e3f,checks,DESC_OUTSIDE_HEAD,check,skipped,no element-position evidence (needs a native seohead crawl; Screaming Frog has no notion of this on its own),1,0,1,"{""id"":""DESC_OUTSIDE_HEAD"",""reason"":""no element-position evidence (needs a native seohead crawl; Screaming Frog has no notion of this on its own)""}"
audit:3a5fff3da2323fab0e111e3f,checks,CANONICAL_OUTSIDE_HEAD,check,skipped,no element-position evidence (needs a native seohead crawl; Screaming Frog has no notion of this on its own),1,0,1,"{""id"":""CANONICAL_OUTSIDE_HEAD"",""reason"":""no element-position evidence (needs a native seohead crawl; Screaming Frog has no notion of this on its own)""}"
audit:3a5fff3da2323fab0e111e3f,checks,DIRECTIVES_OUTSIDE_HEAD,check,skipped,no element-position evidence (needs a native seohead crawl; Screaming Frog has no notion of this on its own),1,0,1,"{""id"":""DIRECTIVES_OUTSIDE_HEAD"",""reason"":""no element-position evidence (needs a native seohead crawl; Screaming Frog has no notion of this on its own)""}"
audit:3a5fff3da2323fab0e111e3f,checks,HREFLANG_OUTSIDE_HEAD,check,skipped,no element-position evidence (needs a native seohead crawl; Screaming Frog has no notion of this on its own),1,0,1,"{""id"":""HREFLANG_OUTSIDE_HEAD"",""reason"":""no element-position evidence (needs a native seohead crawl; Screaming Frog has no notion of this on its own)""}"
audit:3a5fff3da2323fab0e111e3f,checks,HEAD_MISSING,check,skipped,no element-position evidence (needs a native seohead crawl; Screaming Frog has no notion of this on its own),1,0,1,"{""id"":""HEAD_MISSING"",""reason"":""no element-position evidence (needs a native seohead crawl; Screaming Frog has no notion of this on its own)""}"
audit:3a5fff3da2323fab0e111e3f,checks,HEAD_MULTIPLE,check,skipped,no element-position evidence (needs a native seohead crawl; Screaming Frog has no notion of this on its own),1,0,1,"{""id"":""HEAD_MULTIPLE"",""reason"":""no element-position evidence (needs a native seohead crawl; Screaming Frog has no notion of this on its own)""}"
audit:3a5fff3da2323fab0e111e3f,checks,BODY_MISSING,check,skipped,no element-position evidence (needs a native seohead crawl; Screaming Frog has no notion of this on its own),1,0,1,"{""id"":""BODY_MISSING"",""reason"":""no element-position evidence (needs a native seohead crawl; Screaming Frog has no notion of this on its own)""}"
audit:3a5fff3da2323fab0e111e3f,checks,BODY_MULTIPLE,check,skipped,no element-position evidence (needs a native seohead crawl; Screaming Frog has no notion of this on its own),1,0,1,"{""id"":""BODY_MULTIPLE"",""reason"":""no element-position evidence (needs a native seohead crawl; Screaming Frog has no notion of this on its own)""}"
audit:3a5fff3da2323fab0e111e3f,checks,INVALID_HEAD_ELEMENT,check,skipped,no element-position evidence (needs a native seohead crawl; Screaming Frog has no notion of this on its own),1,0,1,"{""id"":""INVALID_HEAD_ELEMENT"",""reason"":""no element-position evidence (needs a native seohead crawl; Screaming Frog has no notion of this on its own)""}"
audit:3a5fff3da2323fab0e111e3f,checks,HEAD_NOT_FIRST,check,skipped,no element-position evidence (needs a native seohead crawl; Screaming Frog has no notion of this on its own),1,0,1,"{""id"":""HEAD_NOT_FIRST"",""reason"":""no element-position evidence (needs a native seohead crawl; Screaming Frog has no notion of this on its own)""}"
audit:3a5fff3da2323fab0e111e3f,checks,DUPLICATE_ID,check,skipped,no duplicate-id evidence (native crawl only),1,0,1,"{""id"":""DUPLICATE_ID"",""reason"":""no duplicate-id evidence (native crawl only)""}"
audit:3a5fff3da2323fab0e111e3f,checks,OG_MISSING,check,skipped,no Open Graph columns in Internal:All (enable OG extraction in SF),1,0,1,"{""id"":""OG_MISSING"",""reason"":""no Open Graph columns in Internal:All (enable OG extraction in SF)""}"
audit:3a5fff3da2323fab0e111e3f,checks,REDIRECT_CHAIN,check,skipped,no redirect data (Internal:All has no Redirect URL column),1,0,1,"{""id"":""REDIRECT_CHAIN"",""reason"":""no redirect data (Internal:All has no Redirect URL column)""}"
audit:3a5fff3da2323fab0e111e3f,checks,REDIRECT_LOOP,check,skipped,no redirect data (Internal:All has no Redirect URL column),1,0,1,"{""id"":""REDIRECT_LOOP"",""reason"":""no redirect data (Internal:All has no Redirect URL column)""}"
audit:3a5fff3da2323fab0e111e3f,checks,TITLE_MULTIPLE,check,skipped,no titles_multiple export (export this SF filter to enable),1,0,1,"{""id"":""TITLE_MULTIPLE"",""reason"":""no titles_multiple export (export this SF filter to enable)""}"
audit:3a5fff3da2323fab0e111e3f,checks,LINK_TO_5XX,check,skipped,export inlinks_5xx not available,1,0,1,"{""id"":""LINK_TO_5XX"",""reason"":""export inlinks_5xx not available""}"
audit:3a5fff3da2323fab0e111e3f,checks,BROKEN_EXTERNAL_LINK,check,skipped,export inlinks_5xx not available,1,0,1,"{""id"":""BROKEN_EXTERNAL_LINK"",""reason"":""export inlinks_5xx not available""}"
audit:3a5fff3da2323fab0e111e3f,checks,INTERNAL_LINK_TO_REDIRECT,check,skipped,export inlinks_3xx not available,1,0,1,"{""id"":""INTERNAL_LINK_TO_REDIRECT"",""reason"":""export inlinks_3xx not available""}"
audit:3a5fff3da2323fab0e111e3f,checks,EXTERNAL_LINK_TO_REDIRECT,check,skipped,export inlinks_3xx not available,1,0,1,"{""id"":""EXTERNAL_LINK_TO_REDIRECT"",""reason"":""export inlinks_3xx not available""}"
audit:3a5fff3da2323fab0e111e3f,checks,HREFLANG_NOINDEX_TARGET,check,skipped,no all_hreflang declaration export,1,0,1,"{""id"":""HREFLANG_NOINDEX_TARGET"",""reason"":""no all_hreflang declaration export""}"
audit:3a5fff3da2323fab0e111e3f,checks,HREFLANG_INVALID_CODE,check,skipped,no all_hreflang export (export Bulk Export -> Links -> All Hreflang),1,0,1,"{""id"":""HREFLANG_INVALID_CODE"",""reason"":""no all_hreflang export (export Bulk Export -> Links -> All Hreflang)""}"
audit:3a5fff3da2323fab0e111e3f,checks,HREFLANG_MULTIPLE_ENTRIES,check,skipped,no all_hreflang export (export Bulk Export -> Links -> All Hreflang),1,0,1,"{""id"":""HREFLANG_MULTIPLE_ENTRIES"",""reason"":""no all_hreflang export (export Bulk Export -> Links -> All Hreflang)""}"
audit:3a5fff3da2323fab0e111e3f,checks,HREFLANG_MISSING_SELF_REFERENCE,check,skipped,no all_hreflang export (export Bulk Export -> Links -> All Hreflang),1,0,1,"{""id"":""HREFLANG_MISSING_SELF_REFERENCE"",""reason"":""no all_hreflang export (export Bulk Export -> Links -> All Hreflang)""}"
audit:3a5fff3da2323fab0e111e3f,checks,HREFLANG_MISSING_XDEFAULT,check,skipped,no all_hreflang export (export Bulk Export -> Links -> All Hreflang),1,0,1,"{""id"":""HREFLANG_MISSING_XDEFAULT"",""reason"":""no all_hreflang export (export Bulk Export -> Links -> All Hreflang)""}"
audit:3a5fff3da2323fab0e111e3f,checks,HREFLANG_NOT_CANONICAL,check,skipped,no all_hreflang export (export Bulk Export -> Links -> All Hreflang),1,0,1,"{""id"":""HREFLANG_NOT_CANONICAL"",""reason"":""no all_hreflang export (export Bulk Export -> Links -> All Hreflang)""}"
audit:3a5fff3da2323fab0e111e3f,checks,HREFLANG_MISSING_RETURN_LINK,check,skipped,no all_hreflang export (export Bulk Export -> Links -> All Hreflang),1,0,1,"{""id"":""HREFLANG_MISSING_RETURN_LINK"",""reason"":""no all_hreflang export (export Bulk Export -> Links -> All Hreflang)""}"
audit:3a5fff3da2323fab0e111e3f,checks,HREFLANG_INCONSISTENT_CONFIRMATION,check,skipped,no all_hreflang export (export Bulk Export -> Links -> All Hreflang),1,0,1,"{""id"":""HREFLANG_INCONSISTENT_CONFIRMATION"",""reason"":""no all_hreflang export (export Bulk Export -> Links -> All Hreflang)""}"
audit:3a5fff3da2323fab0e111e3f,checks,LOW_LINK_SCORE,check,skipped,no all_inlinks export (needed for the complete internal edge list),1,0,1,"{""id"":""LOW_LINK_SCORE"",""reason"":""no all_inlinks export (needed for the complete internal edge list)""}"
audit:3a5fff3da2323fab0e111e3f,checks,ONLY_NOFOLLOW_INLINKS,check,skipped,no all_inlinks export (needed for the complete inlink list),1,0,1,"{""id"":""ONLY_NOFOLLOW_INLINKS"",""reason"":""no all_inlinks export (needed for the complete inlink list)""}"
audit:3a5fff3da2323fab0e111e3f,checks,ONLY_NONINDEXABLE_SOURCE_INLINKS,check,skipped,no all_inlinks export (needed for the complete inlink list),1,0,1,"{""id"":""ONLY_NONINDEXABLE_SOURCE_INLINKS"",""reason"":""no all_inlinks export (needed for the complete inlink list)""}"
audit:3a5fff3da2323fab0e111e3f,checks,DEEP_DISCOVERY_PATH,check,skipped,no all_inlinks export (needed for the complete internal edge list),1,0,1,"{""id"":""DEEP_DISCOVERY_PATH"",""reason"":""no all_inlinks export (needed for the complete internal edge list)""}"
audit:3a5fff3da2323fab0e111e3f,checks,INSECURE_SUBRESOURCE,check,skipped,no all_inlinks export (needed for the resource inventory),1,0,1,"{""id"":""INSECURE_SUBRESOURCE"",""reason"":""no all_inlinks export (needed for the resource inventory)""}"
audit:3a5fff3da2323fab0e111e3f,checks,PAGINATION_MULTIPLE,check,skipped,"no all_inlinks export (needed for every rel=""next""/rel=""prev"" declaration and the anchors beside them)",1,0,1,"{""id"":""PAGINATION_MULTIPLE"",""reason"":""no all_inlinks export (needed for every rel=\""next\""/rel=\""prev\"" declaration and the anchors beside them)""}"
audit:3a5fff3da2323fab0e111e3f,checks,PAGINATION_URL_NOT_IN_ANCHOR,check,skipped,"no all_inlinks export (needed for every rel=""next""/rel=""prev"" declaration and the anchors beside them)",1,0,1,"{""id"":""PAGINATION_URL_NOT_IN_ANCHOR"",""reason"":""no all_inlinks export (needed for every rel=\""next\""/rel=\""prev\"" declaration and the anchors beside them)""}"
audit:3a5fff3da2323fab0e111e3f,checks,DEEP_CLICK_DEPTH,check,skipped,no all_inlinks export (needed for the complete internal edge list),1,0,1,"{""id"":""DEEP_CLICK_DEPTH"",""reason"":""no all_inlinks export (needed for the complete internal edge list)""}"
audit:3a5fff3da2323fab0e111e3f,checks,DUPLICATE_INTERNAL_LINK,check,skipped,no all_inlinks export (needed for the complete internal edge list),1,0,1,"{""id"":""DUPLICATE_INTERNAL_LINK"",""reason"":""no all_inlinks export (needed for the complete internal edge list)""}"
audit:3a5fff3da2323fab0e111e3f,checks,NO_AUTHOR_BYLINE,check,skipped,no Trust Signals column (native crawl or a same-named custom extraction) -- no author markup evidence at all,1,0,1,"{""id"":""NO_AUTHOR_BYLINE"",""reason"":""no Trust Signals column (native crawl or a same-named custom extraction) -- no author markup evidence at all""}"
audit:3a5fff3da2323fab0e111e3f,checks,NO_CONTENT_DATES,check,skipped,no Trust Signals column and no Last Modified column -- no date evidence at all,1,0,1,"{""id"":""NO_CONTENT_DATES"",""reason"":""no Trust Signals column and no Last Modified column -- no date evidence at all""}"
audit:3a5fff3da2323fab0e111e3f,checks,FEW_CITATIONS,check,skipped,no External Outlinks column and no all_inlinks export -- nothing to count outbound citations from,1,0,1,"{""id"":""FEW_CITATIONS"",""reason"":""no External Outlinks column and no all_inlinks export -- nothing to count outbound citations from""}"
audit:3a5fff3da2323fab0e111e3f,checks,DOM_TOO_DEEP,check,skipped,no stored HTML (input.html_store_dir not set),1,0,1,"{""id"":""DOM_TOO_DEEP"",""reason"":""no stored HTML (input.html_store_dir not set)""}"
audit:3a5fff3da2323fab0e111e3f,checks,DOM_TOO_MANY_NODES,check,skipped,no stored HTML (input.html_store_dir not set),1,0,1,"{""id"":""DOM_TOO_MANY_NODES"",""reason"":""no stored HTML (input.html_store_dir not set)""}"
audit:3a5fff3da2323fab0e111e3f,checks,DUPLICATE_BY_HASH,check,skipped,SF native Hash column already covers this,1,0,1,"{""id"":""DUPLICATE_BY_HASH"",""reason"":""SF native Hash column already covers this""}"
audit:3a5fff3da2323fab0e111e3f,checks,NEAR_DUPLICATE,check,skipped,no stored HTML (input.html_store_dir not set),1,0,1,"{""id"":""NEAR_DUPLICATE"",""reason"":""no stored HTML (input.html_store_dir not set)""}"
audit:3a5fff3da2323fab0e111e3f,checks,TITLE_TEMPLATED,check,skipped,too few titles to assess templating,1,0,1,"{""id"":""TITLE_TEMPLATED"",""reason"":""too few titles to assess templating""}"
audit:3a5fff3da2323fab0e111e3f,checks,SITEMAP_NOT_IN_ROBOTS,check,skipped,"no sitemap URL to check (no export, no --sitemap, and live_recheck disabled)",1,0,1,"{""id"":""SITEMAP_NOT_IN_ROBOTS"",""reason"":""no sitemap URL to check (no export, no --sitemap, and live_recheck disabled)""}"
audit:3a5fff3da2323fab0e111e3f,checks,ROBOTS_BLOCKS_RESOURCES,check,skipped,"no sitemap URL to check (no export, no --sitemap, and live_recheck disabled)",1,0,1,"{""id"":""ROBOTS_BLOCKS_RESOURCES"",""reason"":""no sitemap URL to check (no export, no --sitemap, and live_recheck disabled)""}"
audit:3a5fff3da2323fab0e111e3f,checks,SITEMAP_FETCH_INCOMPLETE,check,skipped,"no sitemap URL to check (no export, no --sitemap, and live_recheck disabled)",1,0,1,"{""id"":""SITEMAP_FETCH_INCOMPLETE"",""reason"":""no sitemap URL to check (no export, no --sitemap, and live_recheck disabled)""}"
audit:3a5fff3da2323fab0e111e3f,checks,SITEMAP_TOO_MANY_URLS,check,skipped,no sitemap document was fetched to measure,1,0,1,"{""id"":""SITEMAP_TOO_MANY_URLS"",""reason"":""no sitemap document was fetched to measure""}"
audit:3a5fff3da2323fab0e111e3f,checks,SITEMAP_TOO_LARGE,check,skipped,no sitemap document was fetched to measure,1,0,1,"{""id"":""SITEMAP_TOO_LARGE"",""reason"":""no sitemap document was fetched to measure""}"
audit:3a5fff3da2323fab0e111e3f,checks,SITEMAP_URL_DUPLICATED,check,skipped,no sitemap entries were fetched to compare,1,0,1,"{""id"":""SITEMAP_URL_DUPLICATED"",""reason"":""no sitemap entries were fetched to compare""}"
audit:3a5fff3da2323fab0e111e3f,checks,SITEMAP_STALE_LASTMOD,check,skipped,no sitemap entries were fetched to compare,1,0,1,"{""id"":""SITEMAP_STALE_LASTMOD"",""reason"":""no sitemap entries were fetched to compare""}"
audit:3a5fff3da2323fab0e111e3f,checks,SITEMAP_DESYNC,check,skipped,no sitemap URL set (no export and network disabled),1,0,1,"{""id"":""SITEMAP_DESYNC"",""reason"":""no sitemap URL set (no export and network disabled)""}"
audit:3a5fff3da2323fab0e111e3f,checks,BAD_REDIRECT_TYPE,check,silent,source audit recorded a silent completed check,1,0,0,"{""check_id"":""BAD_REDIRECT_TYPE""}"
audit:3a5fff3da2323fab0e111e3f,checks,BLOCKED_BY_ROBOTS,check,silent,source audit recorded a silent completed check,1,0,0,"{""check_id"":""BLOCKED_BY_ROBOTS""}"
audit:3a5fff3da2323fab0e111e3f,checks,CANONICALISED,check,silent,source audit recorded a silent completed check,1,0,0,"{""check_id"":""CANONICALISED""}"
audit:3a5fff3da2323fab0e111e3f,checks,CANONICAL_CHAIN,check,silent,source audit recorded a silent completed check,1,0,0,"{""check_id"":""CANONICAL_CHAIN""}"
audit:3a5fff3da2323fab0e111e3f,checks,CANONICAL_FRAGMENT,check,silent,source audit recorded a silent completed check,1,0,0,"{""check_id"":""CANONICAL_FRAGMENT""}"
audit:3a5fff3da2323fab0e111e3f,checks,CANONICAL_HOMEPAGE_GROUP,check,silent,source audit recorded a silent completed check,1,0,0,"{""check_id"":""CANONICAL_HOMEPAGE_GROUP""}"
audit:3a5fff3da2323fab0e111e3f,checks,CANONICAL_NON_INDEXABLE,check,silent,source audit recorded a silent completed check,1,0,0,"{""check_id"":""CANONICAL_NON_INDEXABLE""}"
audit:3a5fff3da2323fab0e111e3f,checks,CANONICAL_RELATIVE,check,silent,source audit recorded a silent completed check,1,0,0,"{""check_id"":""CANONICAL_RELATIVE""}"
audit:3a5fff3da2323fab0e111e3f,checks,CANONICAL_TARGET_ERROR,check,silent,source audit recorded a silent completed check,1,0,0,"{""check_id"":""CANONICAL_TARGET_ERROR""}"
audit:3a5fff3da2323fab0e111e3f,checks,CANONICAL_TO_REDIRECT,check,silent,source audit recorded a silent completed check,1,0,0,"{""check_id"":""CANONICAL_TO_REDIRECT""}"
audit:3a5fff3da2323fab0e111e3f,checks,DECLARED_MIME_MISMATCH,check,silent,source audit recorded a silent completed check,1,0,0,"{""check_id"":""DECLARED_MIME_MISMATCH""}"
audit:3a5fff3da2323fab0e111e3f,checks,DEEP_CRAWL_DEPTH,check,silent,source audit recorded a silent completed check,1,0,0,"{""check_id"":""DEEP_CRAWL_DEPTH""}"
audit:3a5fff3da2323fab0e111e3f,checks,DESC_TOO_LONG,check,silent,source audit recorded a silent completed check,1,0,0,"{""check_id"":""DESC_TOO_LONG""}"
audit:3a5fff3da2323fab0e111e3f,checks,FOLLOW_AND_NOFOLLOW_INLINKS,check,silent,source audit recorded a silent completed check,1,0,0,"{""check_id"":""FOLLOW_AND_NOFOLLOW_INLINKS""}"
audit:3a5fff3da2323fab0e111e3f,checks,FORM_ON_HTTP_URL,check,silent,source audit recorded a silent completed check,1,0,0,"{""check_id"":""FORM_ON_HTTP_URL""}"
audit:3a5fff3da2323fab0e111e3f,checks,FORM_URL_INSECURE,check,silent,source audit recorded a silent completed check,1,0,0,"{""check_id"":""FORM_URL_INSECURE""}"
audit:3a5fff3da2323fab0e111e3f,checks,GENERIC_ANCHOR_TEXT,check,silent,source audit recorded a silent completed check,1,0,0,"{""check_id"":""GENERIC_ANCHOR_TEXT""}"
audit:3a5fff3da2323fab0e111e3f,checks,H1_DUPLICATE,check,silent,source audit recorded a silent completed check,1,0,0,"{""check_id"":""H1_DUPLICATE""}"
audit:3a5fff3da2323fab0e111e3f,checks,H1_MISSING,check,silent,source audit recorded a silent completed check,1,0,0,"{""check_id"":""H1_MISSING""}"
audit:3a5fff3da2323fab0e111e3f,checks,H1_TOO_LONG,check,silent,source audit recorded a silent completed check,1,0,0,"{""check_id"":""H1_TOO_LONG""}"
audit:3a5fff3da2323fab0e111e3f,checks,H2_TOO_LONG,check,silent,source audit recorded a silent completed check,1,0,0,"{""check_id"":""H2_TOO_LONG""}"
audit:3a5fff3da2323fab0e111e3f,checks,HIGH_EXTERNAL_OUTLINKS,check,silent,source audit recorded a silent completed check,1,0,0,"{""check_id"":""HIGH_EXTERNAL_OUTLINKS""}"
audit:3a5fff3da2323fab0e111e3f,checks,HIGH_OUTLINKS,check,silent,source audit recorded a silent completed check,1,0,0,"{""check_id"":""HIGH_OUTLINKS""}"
audit:3a5fff3da2323fab0e111e3f,checks,HTTP_LINK_ON_HTTPS,check,silent,source audit recorded a silent completed check,1,0,0,"{""check_id"":""HTTP_LINK_ON_HTTPS""}"
audit:3a5fff3da2323fab0e111e3f,checks,HTTP_URL,check,silent,source audit recorded a silent completed check,1,0,0,"{""check_id"":""HTTP_URL""}"
audit:3a5fff3da2323fab0e111e3f,checks,IMPORTANT_URL_BLOCKED_BY_ROBOTS,check,silent,source audit recorded a silent completed check,1,0,0,"{""check_id"":""IMPORTANT_URL_BLOCKED_BY_ROBOTS""}"
audit:3a5fff3da2323fab0e111e3f,checks,INLINK_BOILERPLATE_ONLY,check,silent,source audit recorded a silent completed check,1,0,0,"{""check_id"":""INLINK_BOILERPLATE_ONLY""}"
audit:3a5fff3da2323fab0e111e3f,checks,INTERNAL_NOFOLLOW_OUTLINKS,check,silent,source audit recorded a silent completed check,1,0,0,"{""check_id"":""INTERNAL_NOFOLLOW_OUTLINKS""}"
audit:3a5fff3da2323fab0e111e3f,checks,JS_CONSOLE_ERRORS,check,silent,source audit recorded a silent completed check,1,0,0,"{""check_id"":""JS_CONSOLE_ERRORS""}"
audit:3a5fff3da2323fab0e111e3f,checks,META_REFRESH_REDIRECT,check,silent,source audit recorded a silent completed check,1,0,0,"{""check_id"":""META_REFRESH_REDIRECT""}"
audit:3a5fff3da2323fab0e111e3f,checks,NOARCHIVE,check,silent,source audit recorded a silent completed check,1,0,0,"{""check_id"":""NOARCHIVE""}"
audit:3a5fff3da2323fab0e111e3f,checks,NOFOLLOW_PAGE,check,silent,source audit recorded a silent completed check,1,0,0,"{""check_id"":""NOFOLLOW_PAGE""}"
audit:3a5fff3da2323fab0e111e3f,checks,NOIMAGEINDEX,check,silent,source audit recorded a silent completed check,1,0,0,"{""check_id"":""NOIMAGEINDEX""}"
audit:3a5fff3da2323fab0e111e3f,checks,NOINDEX,check,silent,source audit recorded a silent completed check,1,0,0,"{""check_id"":""NOINDEX""}"
audit:3a5fff3da2323fab0e111e3f,checks,NON_INDEXABLE_LINKED,check,silent,source audit recorded a silent completed check,1,0,0,"{""check_id"":""NON_INDEXABLE_LINKED""}"
audit:3a5fff3da2323fab0e111e3f,checks,NOODP,check,silent,source audit recorded a silent completed check,1,0,0,"{""check_id"":""NOODP""}"
audit:3a5fff3da2323fab0e111e3f,checks,NOSNIPPET,check,silent,source audit recorded a silent completed check,1,0,0,"{""check_id"":""NOSNIPPET""}"
audit:3a5fff3da2323fab0e111e3f,checks,NOTRANSLATE,check,silent,source audit recorded a silent completed check,1,0,0,"{""check_id"":""NOTRANSLATE""}"
audit:3a5fff3da2323fab0e111e3f,checks,NOYDIR,check,silent,source audit recorded a silent completed check,1,0,0,"{""check_id"":""NOYDIR""}"
audit:3a5fff3da2323fab0e111e3f,checks,NO_INTERNAL_OUTLINKS,check,silent,source audit recorded a silent completed check,1,0,0,"{""check_id"":""NO_INTERNAL_OUTLINKS""}"
audit:3a5fff3da2323fab0e111e3f,checks,NO_RESPONSE,check,silent,source audit recorded a silent completed check,1,0,0,"{""check_id"":""NO_RESPONSE""}"
audit:3a5fff3da2323fab0e111e3f,checks,ORPHAN_PAGE,check,silent,source audit recorded a silent completed check,1,0,0,"{""check_id"":""ORPHAN_PAGE""}"
audit:3a5fff3da2323fab0e111e3f,checks,OUTLINK_TO_LOCALHOST,check,silent,source audit recorded a silent completed check,1,0,0,"{""check_id"":""OUTLINK_TO_LOCALHOST""}"
audit:3a5fff3da2323fab0e111e3f,checks,PAGINATION_NONINDEXABLE,check,silent,source audit recorded a silent completed check,1,0,0,"{""check_id"":""PAGINATION_NONINDEXABLE""}"
audit:3a5fff3da2323fab0e111e3f,checks,PLACEHOLDER_MARKER,check,silent,source audit recorded a silent completed check,1,0,0,"{""check_id"":""PLACEHOLDER_MARKER""}"
audit:3a5fff3da2323fab0e111e3f,checks,PROTOCOL_RELATIVE_LINK,check,silent,source audit recorded a silent completed check,1,0,0,"{""check_id"":""PROTOCOL_RELATIVE_LINK""}"
audit:3a5fff3da2323fab0e111e3f,checks,SERVER_ERROR_5XX,check,silent,source audit recorded a silent completed check,1,0,0,"{""check_id"":""SERVER_ERROR_5XX""}"
audit:3a5fff3da2323fab0e111e3f,checks,SITEMAP_ORPHAN,check,silent,source audit recorded a silent completed check,1,0,0,"{""check_id"":""SITEMAP_ORPHAN""}"
audit:3a5fff3da2323fab0e111e3f,checks,TITLE_EQUALS_H1,check,silent,source audit recorded a silent completed check,1,0,0,"{""check_id"":""TITLE_EQUALS_H1""}"
audit:3a5fff3da2323fab0e111e3f,checks,TITLE_TOO_LONG,check,silent,source audit recorded a silent completed check,1,0,0,"{""check_id"":""TITLE_TOO_LONG""}"
audit:3a5fff3da2323fab0e111e3f,checks,UNAVAILABLE_AFTER,check,silent,source audit recorded a silent completed check,1,0,0,"{""check_id"":""UNAVAILABLE_AFTER""}"
audit:3a5fff3da2323fab0e111e3f,checks,UNLINKED_CANONICAL,check,silent,source audit recorded a silent completed check,1,0,0,"{""check_id"":""UNLINKED_CANONICAL""}"
audit:3a5fff3da2323fab0e111e3f,checks,UNSAFE_CROSS_ORIGIN_LINK,check,silent,source audit recorded a silent completed check,1,0,0,"{""check_id"":""UNSAFE_CROSS_ORIGIN_LINK""}"
audit:3a5fff3da2323fab0e111e3f,checks,URL_CONTAINS_SPACE,check,silent,source audit recorded a silent completed check,1,0,0,"{""check_id"":""URL_CONTAINS_SPACE""}"
audit:3a5fff3da2323fab0e111e3f,checks,URL_HAS_PARAMS,check,silent,source audit recorded a silent completed check,1,0,0,"{""check_id"":""URL_HAS_PARAMS""}"
audit:3a5fff3da2323fab0e111e3f,checks,URL_MULTIPLE_SLASHES,check,silent,source audit recorded a silent completed check,1,0,0,"{""check_id"":""URL_MULTIPLE_SLASHES""}"
audit:3a5fff3da2323fab0e111e3f,checks,URL_NON_ASCII,check,silent,source audit recorded a silent completed check,1,0,0,"{""check_id"":""URL_NON_ASCII""}"
audit:3a5fff3da2323fab0e111e3f,checks,URL_NOT_IN_SITEMAP,check,silent,source audit recorded a silent completed check,1,0,0,"{""check_id"":""URL_NOT_IN_SITEMAP""}"
audit:3a5fff3da2323fab0e111e3f,checks,URL_REPETITIVE_PATH,check,silent,source audit recorded a silent completed check,1,0,0,"{""check_id"":""URL_REPETITIVE_PATH""}"
audit:3a5fff3da2323fab0e111e3f,checks,URL_SESSION_ID,check,silent,source audit recorded a silent completed check,1,0,0,"{""check_id"":""URL_SESSION_ID""}"
audit:3a5fff3da2323fab0e111e3f,checks,URL_TOO_LONG,check,silent,source audit recorded a silent completed check,1,0,0,"{""check_id"":""URL_TOO_LONG""}"
audit:3a5fff3da2323fab0e111e3f,checks,URL_TRACKING_PARAMS,check,silent,source audit recorded a silent completed check,1,0,0,"{""check_id"":""URL_TRACKING_PARAMS""}"
audit:3a5fff3da2323fab0e111e3f,checks,URL_TRAILING_SLASH_INCONSISTENT,check,silent,source audit recorded a silent completed check,1,0,0,"{""check_id"":""URL_TRAILING_SLASH_INCONSISTENT""}"
audit:3a5fff3da2323fab0e111e3f,checks,URL_UNDERSCORES,check,silent,source audit recorded a silent completed check,1,0,0,"{""check_id"":""URL_UNDERSCORES""}"
audit:3a5fff3da2323fab0e111e3f,checks,URL_UPPERCASE,check,silent,source audit recorded a silent completed check,1,0,0,"{""check_id"":""URL_UPPERCASE""}"
audit:3a5fff3da2323fab0e111e3f,checks,YMYL_REVIEW_CANDIDATE,check,silent,source audit recorded a silent completed check,1,0,0,"{""check_id"":""YMYL_REVIEW_CANDIDATE""}"
audit:3a5fff3da2323fab0e111e3f,findings,groups,finding_groups,represented,,3,3,0,"{""unlinked_ids"":""one exact finding_group row per unlinked group follows""}"
audit:3a5fff3da2323fab0e111e3f,metrics,762e5de812021ad303469a65a82ec6508de388fcf5b7dde4c97d2c6cffdf6a41,matched,measured,,4,4,0,"{""operation"":""search_analytics"",""provider"":""gsc""}"
audit:3a5fff3da2323fab0e111e3f,metrics,762e5de812021ad303469a65a82ec6508de388fcf5b7dde4c97d2c6cffdf6a41,crawl_only,unavailable,no provider row matched this crawl URL,2,2,2,"{""operation"":""search_analytics"",""provider"":""gsc""}"
audit:3a5fff3da2323fab0e111e3f,metrics,762e5de812021ad303469a65a82ec6508de388fcf5b7dde4c97d2c6cffdf6a41,external_only,measured,,1,1,0,"{""operation"":""search_analytics"",""provider"":""gsc""}"
audit:3a5fff3da2323fab0e111e3f,metrics,762e5de812021ad303469a65a82ec6508de388fcf5b7dde4c97d2c6cffdf6a41,unkeyable_rows,unavailable,provider row has no usable URL key,1,1,1,"{""operation"":""search_analytics"",""provider"":""gsc""}"
audit:3a5fff3da2323fab0e111e3f,metrics,762e5de812021ad303469a65a82ec6508de388fcf5b7dde4c97d2c6cffdf6a41,unkeyable_pages,unavailable,crawl URL has no usable join key,0,0,0,"{""operation"":""search_analytics"",""provider"":""gsc""}"
audit:3a5fff3da2323fab0e111e3f,metrics,762e5de812021ad303469a65a82ec6508de388fcf5b7dde4c97d2c6cffdf6a41,metric_observations,complete,,12,12,1,"{""metrics"":[""clicks"",""impressions""],""operation"":""search_analytics"",""provider"":""gsc"",""zero_is_measured"":true}"
audit:3a5fff3da2323fab0e111e3f,metrics,f617bbcc539d5a3ad11bfe729db446a8b46b56bda77683d681c6b395e9274126,matched,measured,,4,4,0,"{""operation"":""run_report"",""provider"":""ga4""}"
audit:3a5fff3da2323fab0e111e3f,metrics,f617bbcc539d5a3ad11bfe729db446a8b46b56bda77683d681c6b395e9274126,crawl_only,unavailable,no provider row matched this crawl URL,2,2,2,"{""operation"":""run_report"",""provider"":""ga4""}"
audit:3a5fff3da2323fab0e111e3f,metrics,f617bbcc539d5a3ad11bfe729db446a8b46b56bda77683d681c6b395e9274126,external_only,measured,,0,0,0,"{""operation"":""run_report"",""provider"":""ga4""}"
audit:3a5fff3da2323fab0e111e3f,metrics,f617bbcc539d5a3ad11bfe729db446a8b46b56bda77683d681c6b395e9274126,unkeyable_rows,unavailable,provider row has no usable URL key,0,0,0,"{""operation"":""run_report"",""provider"":""ga4""}"
audit:3a5fff3da2323fab0e111e3f,metrics,f617bbcc539d5a3ad11bfe729db446a8b46b56bda77683d681c6b395e9274126,unkeyable_pages,unavailable,crawl URL has no usable join key,0,0,0,"{""operation"":""run_report"",""provider"":""ga4""}"
audit:3a5fff3da2323fab0e111e3f,metrics,f617bbcc539d5a3ad11bfe729db446a8b46b56bda77683d681c6b395e9274126,metric_observations,complete,,4,4,0,"{""metrics"":[""sessions""],""operation"":""run_report"",""provider"":""ga4"",""zero_is_measured"":true}"
