run_id,finding_id,source_finding_id,source_ordinal,finding_kind,check_id,check_state,check_reason,severity,severity_state,severity_reason,url,url_state,url_reason,url_key,url_key_state,url_key_reason,message,message_state,message_reason,source,source_state,source_reason,status_code,status_code_state,status_code_reason,occurrences_count,occurrences_count_state,occurrences_count_reason,group_state,fix_hint,fix_hint_state,fix_hint_reason,group_id,group_value,group_url_count,group_urls_json,locations_json,details_json,evidence_json,source_finding_json
audit:4b28f63b0c0740ce392ee8c8,bfa0ba63e6845d7b5c3b80b6c89f7221,ISSUE-000001,0,audit_finding,BROKEN_INTERNAL_LINK,measured,,critical,measured,,https://example.com/old-page,measured,,https://example.com/old-page,keyed,,Internal link points to a 4xx URL,measured,,inlinks:Client Error (4xx) Inlinks,measured,,404,measured,,2,measured,,not_grouped,"Update the link to the current URL or add an appropriate 301 redirect; if it appears in the footer or navigation, fix the shared template.",measured,,,,,,"[{""alt_text"":null,""anchor"":""Legacy Page"",""follow"":true,""link_path"":""/html/body/main/article/p[3]/a"",""link_position"":""Content"",""rel"":null,""source_url"":""https://example.com/"",""target"":null},{""alt_text"":null,""anchor"":""view pump specifications"",""follow"":true,""link_path"":""/html/body/footer/nav/a[2]"",""link_position"":""Footer"",""rel"":null,""source_url"":""https://example.com/page-a"",""target"":null}]","{""destination_scope"":""internal"",""link_position_breakdown"":{""Content"":1,""Footer"":1}}","{""export"":""docs/examples/exports/response_codes_client_error_(4xx)_inlinks.csv"",""raw_destinations"":[""https://example.com/old-page""]}","{""check"":""BROKEN_INTERNAL_LINK"",""details"":{""destination_scope"":""internal"",""link_position_breakdown"":{""Content"":1,""Footer"":1}},""evidence"":{""export"":""docs/examples/exports/response_codes_client_error_(4xx)_inlinks.csv"",""raw_destinations"":[""https://example.com/old-page""]},""fingerprint"":""ef1b0e1cd75c"",""fix_hint"":""Update the link to the current URL or add an appropriate 301 redirect; if it appears in the footer or navigation, fix the shared template."",""id"":""ISSUE-000001"",""locations"":[{""alt_text"":null,""anchor"":""Legacy Page"",""follow"":true,""link_path"":""/html/body/main/article/p[3]/a"",""link_position"":""Content"",""rel"":null,""source_url"":""https://example.com/"",""target"":null},{""alt_text"":null,""anchor"":""view pump specifications"",""follow"":true,""link_path"":""/html/body/footer/nav/a[2]"",""link_position"":""Footer"",""rel"":null,""source_url"":""https://example.com/page-a"",""target"":null}],""message"":""Internal link points to a 4xx URL"",""occurrences_count"":2,""severity"":""critical"",""source"":""inlinks:Client Error (4xx) Inlinks"",""status_code"":404,""target_url"":""https://example.com/old-page""}"
audit:4b28f63b0c0740ce392ee8c8,088a788f521bdedd0c45bd398477d359,ISSUE-000002,1,audit_finding,BROKEN_PAGE_4XX,measured,,critical,measured,,https://example.com/old-page,measured,,https://example.com/old-page,keyed,,Page returns a 4xx response (broken page),measured,,SF:Response Codes:4xx,measured,,404,measured,,1,measured,,not_grouped,Restore the page or redirect it with a 301 to a relevant URL; remove or update links that point to it.,measured,,,,,,[],"{""inlinks"":4,""status"":""Not Found""}",{},"{""check"":""BROKEN_PAGE_4XX"",""details"":{""inlinks"":4,""status"":""Not Found""},""fingerprint"":""b252c084350a"",""fix_hint"":""Restore the page or redirect it with a 301 to a relevant URL; remove or update links that point to it."",""id"":""ISSUE-000002"",""message"":""Page returns a 4xx response (broken page)"",""occurrences_count"":1,""severity"":""critical"",""source"":""SF:Response Codes:4xx"",""status_code"":404,""target_url"":""https://example.com/old-page""}"
audit:4b28f63b0c0740ce392ee8c8,18a02a201941de6146111256582e0f77,ISSUE-000003,2,audit_finding,TITLE_MISSING,measured,,critical,measured,,https://example.com/no-title,measured,,https://example.com/no-title,keyed,,Title element is missing,measured,,SF-derived,measured,,,unavailable,source finding status code is null,1,measured,,not_grouped,"Add a unique, descriptive title element.",measured,,,,,,[],{},{},"{""check"":""TITLE_MISSING"",""fingerprint"":""a0284ace6541"",""fix_hint"":""Add a unique, descriptive title element."",""id"":""ISSUE-000003"",""message"":""Title element is missing"",""occurrences_count"":1,""severity"":""critical"",""source"":""SF-derived"",""status_code"":null,""target_url"":""https://example.com/no-title""}"
audit:4b28f63b0c0740ce392ee8c8,6e27406fdf02dabb7f25b713f02cce7c,ISSUE-000004,3,audit_finding,CANONICAL_MISSING,measured,,warning,measured,,https://example.com/no-title,measured,,https://example.com/no-title,keyed,,Indexable page has no canonical URL,measured,,SF-derived,measured,,,unavailable,source finding status code is null,1,measured,,not_grouped,"Add a valid <link rel=""canonical""> element.",measured,,,,,,[],{},{},"{""check"":""CANONICAL_MISSING"",""fingerprint"":""becac9d57362"",""fix_hint"":""Add a valid <link rel=\""canonical\""> element."",""id"":""ISSUE-000004"",""message"":""Indexable page has no canonical URL"",""occurrences_count"":1,""severity"":""warning"",""source"":""SF-derived"",""status_code"":null,""target_url"":""https://example.com/no-title""}"
audit:4b28f63b0c0740ce392ee8c8,6b4db3ad93c48aa529ba446fdd1fc01b,ISSUE-000005,4,audit_finding,DESC_DUPLICATE,measured,,warning,measured,,https://example.com/,measured,,https://example.com/,keyed,,Duplicate meta description,measured,,SF-derived,measured,,,unavailable,source finding status code is null,1,measured,,grouped,Write a unique meta description for each page.,measured,,GRP-DESC-0002,A sample description over seventy characters that reliably meets the configured audit threshold.,2,"[""https://example.com/"",""https://example.com/page-b""]",[],"{""duplicate_count"":2,""value"":""A sample description over seventy characters that reliably meets the configured audit threshold.""}",{},"{""check"":""DESC_DUPLICATE"",""details"":{""duplicate_count"":2,""value"":""A sample description over seventy characters that reliably meets the configured audit threshold.""},""fingerprint"":""76e1d90d5339"",""fix_hint"":""Write a unique meta description for each page."",""group_id"":""GRP-DESC-0002"",""id"":""ISSUE-000005"",""message"":""Duplicate meta description"",""occurrences_count"":1,""severity"":""warning"",""source"":""SF-derived"",""status_code"":null,""target_url"":""https://example.com/""}"
audit:4b28f63b0c0740ce392ee8c8,19b35cdfa1d77519900567ec48ac8f53,ISSUE-000006,5,audit_finding,DESC_DUPLICATE,measured,,warning,measured,,https://example.com/page-b,measured,,https://example.com/page-b,keyed,,Duplicate meta description,measured,,SF-derived,measured,,,unavailable,source finding status code is null,1,measured,,grouped,Write a unique meta description for each page.,measured,,GRP-DESC-0002,A sample description over seventy characters that reliably meets the configured audit threshold.,2,"[""https://example.com/"",""https://example.com/page-b""]",[],"{""duplicate_count"":2,""value"":""A sample description over seventy characters that reliably meets the configured audit threshold.""}",{},"{""check"":""DESC_DUPLICATE"",""details"":{""duplicate_count"":2,""value"":""A sample description over seventy characters that reliably meets the configured audit threshold.""},""fingerprint"":""b638a8d13f43"",""fix_hint"":""Write a unique meta description for each page."",""group_id"":""GRP-DESC-0002"",""id"":""ISSUE-000006"",""message"":""Duplicate meta description"",""occurrences_count"":1,""severity"":""warning"",""source"":""SF-derived"",""status_code"":null,""target_url"":""https://example.com/page-b""}"
audit:4b28f63b0c0740ce392ee8c8,8007287dd94d5484cf46c102c9fd5109,ISSUE-000007,6,audit_finding,DESC_MISSING,measured,,warning,measured,,https://example.com/no-title,measured,,https://example.com/no-title,keyed,,Meta description is missing,measured,,SF-derived,measured,,,unavailable,source finding status code is null,1,measured,,not_grouped,"Add a useful meta description, typically up to about 160 characters.",measured,,,,,,[],{},{},"{""check"":""DESC_MISSING"",""fingerprint"":""93b6f5b5597e"",""fix_hint"":""Add a useful meta description, typically up to about 160 characters."",""id"":""ISSUE-000007"",""message"":""Meta description is missing"",""occurrences_count"":1,""severity"":""warning"",""source"":""SF-derived"",""status_code"":null,""target_url"":""https://example.com/no-title""}"
audit:4b28f63b0c0740ce392ee8c8,d6d421154eefc0596d26c5a5fd86de01,ISSUE-000008,7,audit_finding,H1_MULTIPLE,measured,,warning,measured,,https://example.com/page-a,measured,,https://example.com/page-a,keyed,,Multiple H1 headings on the page,measured,,SF:H1:Multiple,measured,,,unavailable,source finding status code is null,1,measured,,not_grouped,Keep one primary H1 and demote the remaining headings to H2 or H3 as appropriate.,measured,,,,,,[],"{""h1_count"":2,""h1_texts"":[""Pump Models"",""Second H1 Heading""]}",{},"{""check"":""H1_MULTIPLE"",""details"":{""h1_count"":2,""h1_texts"":[""Pump Models"",""Second H1 Heading""]},""fingerprint"":""becb56598e97"",""fix_hint"":""Keep one primary H1 and demote the remaining headings to H2 or H3 as appropriate."",""id"":""ISSUE-000008"",""message"":""Multiple H1 headings on the page"",""occurrences_count"":1,""severity"":""warning"",""source"":""SF:H1:Multiple"",""status_code"":null,""target_url"":""https://example.com/page-a""}"
audit:4b28f63b0c0740ce392ee8c8,da6fc8d6b074a8c52abfd46285a0594a,ISSUE-000009,8,audit_finding,LARGE_HTML,measured,,warning,measured,,https://example.com/no-title,measured,,https://example.com/no-title,keyed,,HTML document is large in absolute terms or relative to the site,measured,,SF-derived+heuristic,measured,,,unavailable,source finding status code is null,1,measured,,not_grouped,"Reduce HTML size by removing unnecessary markup, extracting inline styles or scripts, and avoiding embedded base64 assets.",measured,,,,,,[],"{""abs_threshold_kb"":200,""outlier"":true,""rank"":1,""ratio"":3.87,""site_median"":77500,""size_bytes"":300000}",{},"{""check"":""LARGE_HTML"",""details"":{""abs_threshold_kb"":200,""outlier"":true,""rank"":1,""ratio"":3.87,""site_median"":77500,""size_bytes"":300000},""fingerprint"":""75d91e75d8f6"",""fix_hint"":""Reduce HTML size by removing unnecessary markup, extracting inline styles or scripts, and avoiding embedded base64 assets."",""id"":""ISSUE-000009"",""message"":""HTML document is large in absolute terms or relative to the site"",""occurrences_count"":1,""severity"":""warning"",""source"":""SF-derived+heuristic"",""status_code"":null,""target_url"":""https://example.com/no-title""}"
audit:4b28f63b0c0740ce392ee8c8,858387133e4cde46da0621e55dee5dc5,ISSUE-000010,9,audit_finding,SLOW_RESPONSE,measured,,warning,measured,,https://example.com/no-title,measured,,https://example.com/no-title,keyed,,Slow server response,measured,,SF-derived,measured,,,unavailable,source finding status code is null,1,measured,,not_grouped,"Improve TTFB by profiling the application and origin, then optimizing caching and infrastructure.",measured,,,,,,[],"{""max_s"":1.5,""response_time"":2.0}",{},"{""check"":""SLOW_RESPONSE"",""details"":{""max_s"":1.5,""response_time"":2.0},""fingerprint"":""6b57f4e4a3e4"",""fix_hint"":""Improve TTFB by profiling the application and origin, then optimizing caching and infrastructure."",""id"":""ISSUE-000010"",""message"":""Slow server response"",""occurrences_count"":1,""severity"":""warning"",""source"":""SF-derived"",""status_code"":null,""target_url"":""https://example.com/no-title""}"
audit:4b28f63b0c0740ce392ee8c8,0a3829cebf4da34e69a8a02f434765e7,ISSUE-000011,10,audit_finding,THIN_CONTENT,measured,,warning,measured,,https://example.com/page-b,measured,,https://example.com/page-b,keyed,,Thin content (low word count),measured,,SF-derived,measured,,,unavailable,source finding status code is null,1,measured,,not_grouped,"Add substantial, useful content or exclude the page from indexing when it has no standalone search value.",measured,,,,,,[],"{""threshold"":200,""word_count"":50}",{},"{""check"":""THIN_CONTENT"",""details"":{""threshold"":200,""word_count"":50},""fingerprint"":""81d9b9c52922"",""fix_hint"":""Add substantial, useful content or exclude the page from indexing when it has no standalone search value."",""id"":""ISSUE-000011"",""message"":""Thin content (low word count)"",""occurrences_count"":1,""severity"":""warning"",""source"":""SF-derived"",""status_code"":null,""target_url"":""https://example.com/page-b""}"
audit:4b28f63b0c0740ce392ee8c8,cce6ababbd78f4f4f64b53a8bc8be486,ISSUE-000012,11,audit_finding,TITLE_DUPLICATE,measured,,warning,measured,,https://example.com/page-a,measured,,https://example.com/page-a,keyed,,Duplicate title element,measured,,SF-derived,measured,,,unavailable,source finding status code is null,1,measured,,grouped,Give each page a unique title element.,measured,,GRP-TITLE-0001,Industrial Pumps Product A,2,"[""https://example.com/page-a"",""https://example.com/page-b""]",[],"{""duplicate_count"":2,""value"":""Industrial Pumps Product A""}",{},"{""check"":""TITLE_DUPLICATE"",""details"":{""duplicate_count"":2,""value"":""Industrial Pumps Product A""},""fingerprint"":""52e703ed8928"",""fix_hint"":""Give each page a unique title element."",""group_id"":""GRP-TITLE-0001"",""id"":""ISSUE-000012"",""message"":""Duplicate title element"",""occurrences_count"":1,""severity"":""warning"",""source"":""SF-derived"",""status_code"":null,""target_url"":""https://example.com/page-a""}"
audit:4b28f63b0c0740ce392ee8c8,182bb3d6c7301b9f94c208802e3068d7,ISSUE-000013,12,audit_finding,TITLE_DUPLICATE,measured,,warning,measured,,https://example.com/page-b,measured,,https://example.com/page-b,keyed,,Duplicate title element,measured,,SF-derived,measured,,,unavailable,source finding status code is null,1,measured,,grouped,Give each page a unique title element.,measured,,GRP-TITLE-0001,Industrial Pumps Product A,2,"[""https://example.com/page-a"",""https://example.com/page-b""]",[],"{""duplicate_count"":2,""value"":""Industrial Pumps Product A""}",{},"{""check"":""TITLE_DUPLICATE"",""details"":{""duplicate_count"":2,""value"":""Industrial Pumps Product A""},""fingerprint"":""814495b2931d"",""fix_hint"":""Give each page a unique title element."",""group_id"":""GRP-TITLE-0001"",""id"":""ISSUE-000013"",""message"":""Duplicate title element"",""occurrences_count"":1,""severity"":""warning"",""source"":""SF-derived"",""status_code"":null,""target_url"":""https://example.com/page-b""}"
audit:4b28f63b0c0740ce392ee8c8,67444fc092160ac9237fee2c86ab5b8a,ISSUE-000014,13,audit_finding,DESC_TOO_SHORT,measured,,notice,measured,,https://example.com/page-a,measured,,https://example.com/page-a,keyed,,Meta description falls below the configured length threshold,measured,,SF-derived,measured,,,unavailable,source finding status code is null,1,measured,,not_grouped,"Expand the description with specific, useful page information.",measured,,,,,,[],"{""length"":7,""min_chars"":70}",{},"{""check"":""DESC_TOO_SHORT"",""details"":{""length"":7,""min_chars"":70},""fingerprint"":""a1b3bee720f8"",""fix_hint"":""Expand the description with specific, useful page information."",""id"":""ISSUE-000014"",""message"":""Meta description falls below the configured length threshold"",""occurrences_count"":1,""severity"":""notice"",""source"":""SF-derived"",""status_code"":null,""target_url"":""https://example.com/page-a""}"
audit:4b28f63b0c0740ce392ee8c8,7b7af98154d150ec73285b38f58fae66,ISSUE-000015,14,audit_finding,H2_DUPLICATE,measured,,notice,measured,,https://example.com/,measured,,https://example.com/,keyed,,H2 is duplicated across multiple URLs,measured,,SF-derived,measured,,,unavailable,source finding status code is null,1,measured,,grouped,"Use a unique, page-specific H2 on each URL, or accept it for a shared boilerplate subheading that is genuinely meant to repeat.",measured,,GRP-H2-0003,Section,3,"[""https://example.com/"",""https://example.com/no-title"",""https://example.com/page-a""]",[],"{""duplicate_count"":3,""value"":""Section""}",{},"{""check"":""H2_DUPLICATE"",""details"":{""duplicate_count"":3,""value"":""Section""},""fingerprint"":""c5917484ead8"",""fix_hint"":""Use a unique, page-specific H2 on each URL, or accept it for a shared boilerplate subheading that is genuinely meant to repeat."",""group_id"":""GRP-H2-0003"",""id"":""ISSUE-000015"",""message"":""H2 is duplicated across multiple URLs"",""occurrences_count"":1,""severity"":""notice"",""source"":""SF-derived"",""status_code"":null,""target_url"":""https://example.com/""}"
audit:4b28f63b0c0740ce392ee8c8,2a2f27d3f55906ae23b121168921248f,ISSUE-000016,15,audit_finding,H2_DUPLICATE,measured,,notice,measured,,https://example.com/no-title,measured,,https://example.com/no-title,keyed,,H2 is duplicated across multiple URLs,measured,,SF-derived,measured,,,unavailable,source finding status code is null,1,measured,,grouped,"Use a unique, page-specific H2 on each URL, or accept it for a shared boilerplate subheading that is genuinely meant to repeat.",measured,,GRP-H2-0003,Section,3,"[""https://example.com/"",""https://example.com/no-title"",""https://example.com/page-a""]",[],"{""duplicate_count"":3,""value"":""Section""}",{},"{""check"":""H2_DUPLICATE"",""details"":{""duplicate_count"":3,""value"":""Section""},""fingerprint"":""03f3b4241eca"",""fix_hint"":""Use a unique, page-specific H2 on each URL, or accept it for a shared boilerplate subheading that is genuinely meant to repeat."",""group_id"":""GRP-H2-0003"",""id"":""ISSUE-000016"",""message"":""H2 is duplicated across multiple URLs"",""occurrences_count"":1,""severity"":""notice"",""source"":""SF-derived"",""status_code"":null,""target_url"":""https://example.com/no-title""}"
audit:4b28f63b0c0740ce392ee8c8,9ee8d0a198c6044bc82eeedd0389d353,ISSUE-000017,16,audit_finding,H2_DUPLICATE,measured,,notice,measured,,https://example.com/page-a,measured,,https://example.com/page-a,keyed,,H2 is duplicated across multiple URLs,measured,,SF-derived,measured,,,unavailable,source finding status code is null,1,measured,,grouped,"Use a unique, page-specific H2 on each URL, or accept it for a shared boilerplate subheading that is genuinely meant to repeat.",measured,,GRP-H2-0003,Section,3,"[""https://example.com/"",""https://example.com/no-title"",""https://example.com/page-a""]",[],"{""duplicate_count"":3,""value"":""Section""}",{},"{""check"":""H2_DUPLICATE"",""details"":{""duplicate_count"":3,""value"":""Section""},""fingerprint"":""b6ff54581d45"",""fix_hint"":""Use a unique, page-specific H2 on each URL, or accept it for a shared boilerplate subheading that is genuinely meant to repeat."",""group_id"":""GRP-H2-0003"",""id"":""ISSUE-000017"",""message"":""H2 is duplicated across multiple URLs"",""occurrences_count"":1,""severity"":""notice"",""source"":""SF-derived"",""status_code"":null,""target_url"":""https://example.com/page-a""}"
audit:4b28f63b0c0740ce392ee8c8,a65cbc5354b24edcdd3d937dba99b287,ISSUE-000018,17,audit_finding,HTML_BLOAT,measured,,notice,measured,,https://example.com/page-b,measured,,https://example.com/page-b,keyed,,HTML bloat: high document size relative to text content,measured,,heuristic,measured,,,unavailable,source finding status code is null,1,measured,,not_grouped,"Reduce bytes per word by extracting styles and scripts, removing embedded base64 assets, and simplifying markup.",measured,,,,,,[],"{""bytes_per_word"":1600.0,""site_median_bpw"":375.0,""size_bytes"":80000,""word_count"":50}",{},"{""check"":""HTML_BLOAT"",""details"":{""bytes_per_word"":1600.0,""site_median_bpw"":375.0,""size_bytes"":80000,""word_count"":50},""fingerprint"":""ef94d463d9b4"",""fix_hint"":""Reduce bytes per word by extracting styles and scripts, removing embedded base64 assets, and simplifying markup."",""id"":""ISSUE-000018"",""message"":""HTML bloat: high document size relative to text content"",""occurrences_count"":1,""severity"":""notice"",""source"":""heuristic"",""status_code"":null,""target_url"":""https://example.com/page-b""}"
audit:4b28f63b0c0740ce392ee8c8,4f27fbb433fa44a611b31c4fcf6e12b7,ISSUE-000019,18,audit_finding,LOW_TEXT_RATIO,measured,,notice,measured,,https://example.com/page-b,measured,,https://example.com/page-b,keyed,,Low text-to-HTML ratio,measured,,SF-derived,measured,,,unavailable,source finding status code is null,1,measured,,not_grouped,Increase the proportion of meaningful visible content or reduce unnecessary markup.,measured,,,,,,[],"{""text_ratio"":8.0,""threshold"":10}",{},"{""check"":""LOW_TEXT_RATIO"",""details"":{""text_ratio"":8.0,""threshold"":10},""fingerprint"":""1bc99908d6ea"",""fix_hint"":""Increase the proportion of meaningful visible content or reduce unnecessary markup."",""id"":""ISSUE-000019"",""message"":""Low text-to-HTML ratio"",""occurrences_count"":1,""severity"":""notice"",""source"":""SF-derived"",""status_code"":null,""target_url"":""https://example.com/page-b""}"
audit:4b28f63b0c0740ce392ee8c8,b38ec164ac9b6649485c9ef7a5d1284c,ISSUE-000020,19,audit_finding,MISSING_ABOUT_PAGE,measured,,notice,measured,,,not_applicable,source finding is not attached to one URL,,unkeyable,URL is not a valid absolute HTTP(S) join key,No indexable About page was found in the crawl's scope,measured,,SF-derived,measured,,,unavailable,source finding status code is null,1,measured,,not_grouped,"If an About page exists, make it reachable and indexable; the finding's state says whether it was found non-indexable, broken, linked but never crawled, or not discovered at all.",measured,,,,,,[],"{""crawl_pages"":6,""discovered_not_crawled"":[],""evidence"":[],""indexability"":null,""matched"":[],""state"":""not_discovered"",""vocabulary"":""whole path segments and anchor texts from a fixed EN/RU list""}",{},"{""check"":""MISSING_ABOUT_PAGE"",""details"":{""crawl_pages"":6,""discovered_not_crawled"":[],""evidence"":[],""indexability"":null,""matched"":[],""state"":""not_discovered"",""vocabulary"":""whole path segments and anchor texts from a fixed EN/RU list""},""fingerprint"":""1f393f281e57"",""fix_hint"":""If an About page exists, make it reachable and indexable; the finding's state says whether it was found non-indexable, broken, linked but never crawled, or not discovered at all."",""id"":""ISSUE-000020"",""message"":""No indexable About page was found in the crawl's scope"",""occurrences_count"":1,""severity"":""notice"",""source"":""SF-derived"",""status_code"":null,""target_url"":null}"
audit:4b28f63b0c0740ce392ee8c8,b345b66da2d521f6b64a64a078a1f511,ISSUE-000021,20,audit_finding,MISSING_CONTACT_PAGE,measured,,notice,measured,,,not_applicable,source finding is not attached to one URL,,unkeyable,URL is not a valid absolute HTTP(S) join key,No indexable Contact page was found in the crawl's scope,measured,,SF-derived,measured,,,unavailable,source finding status code is null,1,measured,,not_grouped,"If a Contact page exists, make it reachable and indexable; the finding's state says whether it was found non-indexable, broken, linked but never crawled, or not discovered at all.",measured,,,,,,[],"{""crawl_pages"":6,""discovered_not_crawled"":[],""evidence"":[],""indexability"":null,""matched"":[],""state"":""not_discovered"",""vocabulary"":""whole path segments and anchor texts from a fixed EN/RU list""}",{},"{""check"":""MISSING_CONTACT_PAGE"",""details"":{""crawl_pages"":6,""discovered_not_crawled"":[],""evidence"":[],""indexability"":null,""matched"":[],""state"":""not_discovered"",""vocabulary"":""whole path segments and anchor texts from a fixed EN/RU list""},""fingerprint"":""d29a63940840"",""fix_hint"":""If a Contact page exists, make it reachable and indexable; the finding's state says whether it was found non-indexable, broken, linked but never crawled, or not discovered at all."",""id"":""ISSUE-000021"",""message"":""No indexable Contact page was found in the crawl's scope"",""occurrences_count"":1,""severity"":""notice"",""source"":""SF-derived"",""status_code"":null,""target_url"":null}"
audit:4b28f63b0c0740ce392ee8c8,1a62add405eb5ef25f5b2d3938c5cc5b,ISSUE-000022,21,audit_finding,MISSING_PRIVACY_POLICY,measured,,notice,measured,,,not_applicable,source finding is not attached to one URL,,unkeyable,URL is not a valid absolute HTTP(S) join key,No indexable privacy policy page was found in the crawl's scope,measured,,SF-derived,measured,,,unavailable,source finding status code is null,1,measured,,not_grouped,"If a privacy policy exists, make it reachable and indexable; the finding's state says whether it was found non-indexable, broken, linked but never crawled, or not discovered at all.",measured,,,,,,[],"{""crawl_pages"":6,""discovered_not_crawled"":[],""evidence"":[],""indexability"":null,""matched"":[],""state"":""not_discovered"",""vocabulary"":""whole path segments and anchor texts from a fixed EN/RU list""}",{},"{""check"":""MISSING_PRIVACY_POLICY"",""details"":{""crawl_pages"":6,""discovered_not_crawled"":[],""evidence"":[],""indexability"":null,""matched"":[],""state"":""not_discovered"",""vocabulary"":""whole path segments and anchor texts from a fixed EN/RU list""},""fingerprint"":""dd21bf44c3b7"",""fix_hint"":""If a privacy policy exists, make it reachable and indexable; the finding's state says whether it was found non-indexable, broken, linked but never crawled, or not discovered at all."",""id"":""ISSUE-000022"",""message"":""No indexable privacy policy page was found in the crawl's scope"",""occurrences_count"":1,""severity"":""notice"",""source"":""SF-derived"",""status_code"":null,""target_url"":null}"
audit:4b28f63b0c0740ce392ee8c8,f186904faa6efc3ab86044976ea910d9,ISSUE-000023,22,audit_finding,MISSING_TERMS_PAGE,measured,,notice,measured,,,not_applicable,source finding is not attached to one URL,,unkeyable,URL is not a valid absolute HTTP(S) join key,No indexable terms-of-use page was found in the crawl's scope,measured,,SF-derived,measured,,,unavailable,source finding status code is null,1,measured,,not_grouped,"If a terms page exists, make it reachable and indexable; the finding's state says whether it was found non-indexable, broken, linked but never crawled, or not discovered at all.",measured,,,,,,[],"{""crawl_pages"":6,""discovered_not_crawled"":[],""evidence"":[],""indexability"":null,""matched"":[],""state"":""not_discovered"",""vocabulary"":""whole path segments and anchor texts from a fixed EN/RU list""}",{},"{""check"":""MISSING_TERMS_PAGE"",""details"":{""crawl_pages"":6,""discovered_not_crawled"":[],""evidence"":[],""indexability"":null,""matched"":[],""state"":""not_discovered"",""vocabulary"":""whole path segments and anchor texts from a fixed EN/RU list""},""fingerprint"":""e1161beb307e"",""fix_hint"":""If a terms page exists, make it reachable and indexable; the finding's state says whether it was found non-indexable, broken, linked but never crawled, or not discovered at all."",""id"":""ISSUE-000023"",""message"":""No indexable terms-of-use page was found in the crawl's scope"",""occurrences_count"":1,""severity"":""notice"",""source"":""SF-derived"",""status_code"":null,""target_url"":null}"
audit:4b28f63b0c0740ce392ee8c8,54c52ce1d6a666c8187225b9d93e764c,ISSUE-000024,23,audit_finding,TITLE_TOO_SHORT,measured,,notice,measured,,https://example.com/page-a,measured,,https://example.com/page-a,keyed,,Title falls below the configured length threshold,measured,,SF-derived,measured,,,unavailable,source finding status code is null,1,measured,,not_grouped,Expand the title to an informative length without padding it with boilerplate.,measured,,,,,,[],"{""length"":26,""min_chars"":30,""title"":""Industrial Pumps Product A""}",{},"{""check"":""TITLE_TOO_SHORT"",""details"":{""length"":26,""min_chars"":30,""title"":""Industrial Pumps Product A""},""fingerprint"":""75ca47c35a36"",""fix_hint"":""Expand the title to an informative length without padding it with boilerplate."",""id"":""ISSUE-000024"",""message"":""Title falls below the configured length threshold"",""occurrences_count"":1,""severity"":""notice"",""source"":""SF-derived"",""status_code"":null,""target_url"":""https://example.com/page-a""}"
audit:4b28f63b0c0740ce392ee8c8,b95f66020ff7eb6c8fdcbcdf4353f00e,ISSUE-000025,24,audit_finding,TITLE_TOO_SHORT,measured,,notice,measured,,https://example.com/page-b,measured,,https://example.com/page-b,keyed,,Title falls below the configured length threshold,measured,,SF-derived,measured,,,unavailable,source finding status code is null,1,measured,,not_grouped,Expand the title to an informative length without padding it with boilerplate.,measured,,,,,,[],"{""length"":26,""min_chars"":30,""title"":""Industrial Pumps Product A""}",{},"{""check"":""TITLE_TOO_SHORT"",""details"":{""length"":26,""min_chars"":30,""title"":""Industrial Pumps Product A""},""fingerprint"":""c84ae1ebeb61"",""fix_hint"":""Expand the title to an informative length without padding it with boilerplate."",""id"":""ISSUE-000025"",""message"":""Title falls below the configured length threshold"",""occurrences_count"":1,""severity"":""notice"",""source"":""SF-derived"",""status_code"":null,""target_url"":""https://example.com/page-b""}"
