run_id,metric_observation_id,provider_source_id,provider,operation,reporting_identity,privacy,metric_name,metric_unit,metric_unit_state,metric_unit_reason,value_number,value_state,value_reason,raw_value_json,url_raw,url_resolved,url_key,url_state,url_reason,period_start,period_end,period_state,period_reason,timezone,timezone_state,timezone_reason,attribution,attribution_state,attribution_reason,search_engine,search_engine_state,search_engine_reason,search_type,search_type_state,search_type_reason,collection_state,collection_reason,collection_sampled,collection_thresholded,collection_truncated,source_row_index,natural_key_sha256,ambiguous_source_row,population_state,matched_page_count,matched_page_urls_json,dimensions_state_json,source_row_json,source_metadata_json
audit:7d04558fd9d5e39995f723d9,ffcf2b174f0f3199777fd956d9b41a0b,762e5de812021ad303469a65a82ec6508de388fcf5b7dde4c97d2c6cffdf6a41,gsc,search_analytics,synthetic-search-console-property,supplied,clicks,count,measured,,12,measured,,12,https://example.com/,https://example.com/,https://example.com/,keyed,,2026-09-01,2026-09-30,measured,,Europe/Minsk,measured,,last-click,measured,,google,measured,,web,measured,,complete,,false,false,false,0,ad80e082c1a7a4a9d351efa4cbe0f33784ef5c2a348ed13ccdca2716cf27f248,false,matched,1,"[""https://example.com/""]",{},"{""ambiguous"":false,""dimensions"":{},""metrics"":{""clicks"":{""raw"":12,""reason"":null,""state"":""measured"",""unit"":""count"",""value"":12},""impressions"":{""raw"":340,""reason"":null,""state"":""measured"",""unit"":""count"",""value"":340}},""natural_key"":[""https://example.com/""],""natural_key_sha256"":""ad80e082c1a7a4a9d351efa4cbe0f33784ef5c2a348ed13ccdca2716cf27f248"",""raw"":{""clicks"":12,""impressions"":340,""url"":""https://example.com/""},""row_index"":0,""url"":{""normalized"":""https://example.com/"",""raw"":""https://example.com/"",""reason"":null,""resolved"":""https://example.com/"",""state"":""keyed""}}","{""artifact_reference"":null,""attribution"":""last-click"",""collection"":{""collected_at"":null,""reason"":null,""sampled"":false,""state"":""complete"",""thresholded"":false,""truncated"":false},""dimensions"":[],""field_origins"":{""attribution"":""declared"",""collected_at"":""unknown"",""collection_state"":""declared"",""dimensions"":""declared"",""metrics"":""declared"",""operation"":""declared"",""period"":""declared"",""privacy"":""declared"",""provider"":""declared"",""reporting_identity"":""declared"",""sampled"":""declared"",""search_engine"":""declared"",""search_type"":""declared"",""site_origin"":""unknown"",""thresholded"":""declared"",""timezone"":""declared"",""truncated"":""declared"",""url_binding"":""declared""},""file"":{""bytes"":null,""kind"":""json"",""name"":""inline"",""sha256"":null},""metrics"":[{""name"":""clicks"",""type"":""number"",""unit"":""count""},{""name"":""impressions"",""type"":""number"",""unit"":""count""}],""operation"":""search_analytics"",""period"":{""end_date"":""2026-09-30"",""start_date"":""2026-09-01""},""privacy"":""supplied"",""provider"":""gsc"",""reporting_identity"":""synthetic-search-console-property"",""search_engine"":""google"",""search_type"":""web"",""site_origin"":null,""timezone"":""Europe/Minsk""}"
audit:7d04558fd9d5e39995f723d9,f67ecc8369afb7fffb4a43847f85ad29,762e5de812021ad303469a65a82ec6508de388fcf5b7dde4c97d2c6cffdf6a41,gsc,search_analytics,synthetic-search-console-property,supplied,impressions,count,measured,,340,measured,,340,https://example.com/,https://example.com/,https://example.com/,keyed,,2026-09-01,2026-09-30,measured,,Europe/Minsk,measured,,last-click,measured,,google,measured,,web,measured,,complete,,false,false,false,0,ad80e082c1a7a4a9d351efa4cbe0f33784ef5c2a348ed13ccdca2716cf27f248,false,matched,1,"[""https://example.com/""]",{},"{""ambiguous"":false,""dimensions"":{},""metrics"":{""clicks"":{""raw"":12,""reason"":null,""state"":""measured"",""unit"":""count"",""value"":12},""impressions"":{""raw"":340,""reason"":null,""state"":""measured"",""unit"":""count"",""value"":340}},""natural_key"":[""https://example.com/""],""natural_key_sha256"":""ad80e082c1a7a4a9d351efa4cbe0f33784ef5c2a348ed13ccdca2716cf27f248"",""raw"":{""clicks"":12,""impressions"":340,""url"":""https://example.com/""},""row_index"":0,""url"":{""normalized"":""https://example.com/"",""raw"":""https://example.com/"",""reason"":null,""resolved"":""https://example.com/"",""state"":""keyed""}}","{""artifact_reference"":null,""attribution"":""last-click"",""collection"":{""collected_at"":null,""reason"":null,""sampled"":false,""state"":""complete"",""thresholded"":false,""truncated"":false},""dimensions"":[],""field_origins"":{""attribution"":""declared"",""collected_at"":""unknown"",""collection_state"":""declared"",""dimensions"":""declared"",""metrics"":""declared"",""operation"":""declared"",""period"":""declared"",""privacy"":""declared"",""provider"":""declared"",""reporting_identity"":""declared"",""sampled"":""declared"",""search_engine"":""declared"",""search_type"":""declared"",""site_origin"":""unknown"",""thresholded"":""declared"",""timezone"":""declared"",""truncated"":""declared"",""url_binding"":""declared""},""file"":{""bytes"":null,""kind"":""json"",""name"":""inline"",""sha256"":null},""metrics"":[{""name"":""clicks"",""type"":""number"",""unit"":""count""},{""name"":""impressions"",""type"":""number"",""unit"":""count""}],""operation"":""search_analytics"",""period"":{""end_date"":""2026-09-30"",""start_date"":""2026-09-01""},""privacy"":""supplied"",""provider"":""gsc"",""reporting_identity"":""synthetic-search-console-property"",""search_engine"":""google"",""search_type"":""web"",""site_origin"":null,""timezone"":""Europe/Minsk""}"
audit:7d04558fd9d5e39995f723d9,57624ddbd36037f3c01ae3eb9a170ed7,762e5de812021ad303469a65a82ec6508de388fcf5b7dde4c97d2c6cffdf6a41,gsc,search_analytics,synthetic-search-console-property,supplied,clicks,count,measured,,0,measured,,0,https://example.com/page-a,https://example.com/page-a,https://example.com/page-a,keyed,,2026-09-01,2026-09-30,measured,,Europe/Minsk,measured,,last-click,measured,,google,measured,,web,measured,,complete,,false,false,false,1,1589a320e6d46f968d6a9eef99b4960853f4b7d399ad2c7d112041d887190e49,false,matched,1,"[""https://example.com/page-a""]",{},"{""ambiguous"":false,""dimensions"":{},""metrics"":{""clicks"":{""raw"":0,""reason"":null,""state"":""measured"",""unit"":""count"",""value"":0},""impressions"":{""raw"":25,""reason"":null,""state"":""measured"",""unit"":""count"",""value"":25}},""natural_key"":[""https://example.com/page-a""],""natural_key_sha256"":""1589a320e6d46f968d6a9eef99b4960853f4b7d399ad2c7d112041d887190e49"",""raw"":{""clicks"":0,""impressions"":25,""url"":""https://example.com/page-a""},""row_index"":1,""url"":{""normalized"":""https://example.com/page-a"",""raw"":""https://example.com/page-a"",""reason"":null,""resolved"":""https://example.com/page-a"",""state"":""keyed""}}","{""artifact_reference"":null,""attribution"":""last-click"",""collection"":{""collected_at"":null,""reason"":null,""sampled"":false,""state"":""complete"",""thresholded"":false,""truncated"":false},""dimensions"":[],""field_origins"":{""attribution"":""declared"",""collected_at"":""unknown"",""collection_state"":""declared"",""dimensions"":""declared"",""metrics"":""declared"",""operation"":""declared"",""period"":""declared"",""privacy"":""declared"",""provider"":""declared"",""reporting_identity"":""declared"",""sampled"":""declared"",""search_engine"":""declared"",""search_type"":""declared"",""site_origin"":""unknown"",""thresholded"":""declared"",""timezone"":""declared"",""truncated"":""declared"",""url_binding"":""declared""},""file"":{""bytes"":null,""kind"":""json"",""name"":""inline"",""sha256"":null},""metrics"":[{""name"":""clicks"",""type"":""number"",""unit"":""count""},{""name"":""impressions"",""type"":""number"",""unit"":""count""}],""operation"":""search_analytics"",""period"":{""end_date"":""2026-09-30"",""start_date"":""2026-09-01""},""privacy"":""supplied"",""provider"":""gsc"",""reporting_identity"":""synthetic-search-console-property"",""search_engine"":""google"",""search_type"":""web"",""site_origin"":null,""timezone"":""Europe/Minsk""}"
audit:7d04558fd9d5e39995f723d9,2ef45f7c42dca4519eebc812d088598b,762e5de812021ad303469a65a82ec6508de388fcf5b7dde4c97d2c6cffdf6a41,gsc,search_analytics,synthetic-search-console-property,supplied,impressions,count,measured,,25,measured,,25,https://example.com/page-a,https://example.com/page-a,https://example.com/page-a,keyed,,2026-09-01,2026-09-30,measured,,Europe/Minsk,measured,,last-click,measured,,google,measured,,web,measured,,complete,,false,false,false,1,1589a320e6d46f968d6a9eef99b4960853f4b7d399ad2c7d112041d887190e49,false,matched,1,"[""https://example.com/page-a""]",{},"{""ambiguous"":false,""dimensions"":{},""metrics"":{""clicks"":{""raw"":0,""reason"":null,""state"":""measured"",""unit"":""count"",""value"":0},""impressions"":{""raw"":25,""reason"":null,""state"":""measured"",""unit"":""count"",""value"":25}},""natural_key"":[""https://example.com/page-a""],""natural_key_sha256"":""1589a320e6d46f968d6a9eef99b4960853f4b7d399ad2c7d112041d887190e49"",""raw"":{""clicks"":0,""impressions"":25,""url"":""https://example.com/page-a""},""row_index"":1,""url"":{""normalized"":""https://example.com/page-a"",""raw"":""https://example.com/page-a"",""reason"":null,""resolved"":""https://example.com/page-a"",""state"":""keyed""}}","{""artifact_reference"":null,""attribution"":""last-click"",""collection"":{""collected_at"":null,""reason"":null,""sampled"":false,""state"":""complete"",""thresholded"":false,""truncated"":false},""dimensions"":[],""field_origins"":{""attribution"":""declared"",""collected_at"":""unknown"",""collection_state"":""declared"",""dimensions"":""declared"",""metrics"":""declared"",""operation"":""declared"",""period"":""declared"",""privacy"":""declared"",""provider"":""declared"",""reporting_identity"":""declared"",""sampled"":""declared"",""search_engine"":""declared"",""search_type"":""declared"",""site_origin"":""unknown"",""thresholded"":""declared"",""timezone"":""declared"",""truncated"":""declared"",""url_binding"":""declared""},""file"":{""bytes"":null,""kind"":""json"",""name"":""inline"",""sha256"":null},""metrics"":[{""name"":""clicks"",""type"":""number"",""unit"":""count""},{""name"":""impressions"",""type"":""number"",""unit"":""count""}],""operation"":""search_analytics"",""period"":{""end_date"":""2026-09-30"",""start_date"":""2026-09-01""},""privacy"":""supplied"",""provider"":""gsc"",""reporting_identity"":""synthetic-search-console-property"",""search_engine"":""google"",""search_type"":""web"",""site_origin"":null,""timezone"":""Europe/Minsk""}"
audit:7d04558fd9d5e39995f723d9,4264a61c3a9a891159626d42958b6d56,762e5de812021ad303469a65a82ec6508de388fcf5b7dde4c97d2c6cffdf6a41,gsc,search_analytics,synthetic-search-console-property,supplied,clicks,count,measured,,5,measured,,5,https://example.com/page-b,https://example.com/page-b,https://example.com/page-b,keyed,,2026-09-01,2026-09-30,measured,,Europe/Minsk,measured,,last-click,measured,,google,measured,,web,measured,,complete,,false,false,false,2,b27bf7a07d7fbe05989bffd7fcaf9b68ab7a5c6f1fc16adbadd202d113977816,false,matched,1,"[""https://example.com/page-b""]",{},"{""ambiguous"":false,""dimensions"":{},""metrics"":{""clicks"":{""raw"":5,""reason"":null,""state"":""measured"",""unit"":""count"",""value"":5},""impressions"":{""raw"":null,""reason"":""null"",""state"":""unavailable"",""unit"":""count"",""value"":null}},""natural_key"":[""https://example.com/page-b""],""natural_key_sha256"":""b27bf7a07d7fbe05989bffd7fcaf9b68ab7a5c6f1fc16adbadd202d113977816"",""raw"":{""clicks"":5,""impressions"":null,""url"":""https://example.com/page-b""},""row_index"":2,""url"":{""normalized"":""https://example.com/page-b"",""raw"":""https://example.com/page-b"",""reason"":null,""resolved"":""https://example.com/page-b"",""state"":""keyed""}}","{""artifact_reference"":null,""attribution"":""last-click"",""collection"":{""collected_at"":null,""reason"":null,""sampled"":false,""state"":""complete"",""thresholded"":false,""truncated"":false},""dimensions"":[],""field_origins"":{""attribution"":""declared"",""collected_at"":""unknown"",""collection_state"":""declared"",""dimensions"":""declared"",""metrics"":""declared"",""operation"":""declared"",""period"":""declared"",""privacy"":""declared"",""provider"":""declared"",""reporting_identity"":""declared"",""sampled"":""declared"",""search_engine"":""declared"",""search_type"":""declared"",""site_origin"":""unknown"",""thresholded"":""declared"",""timezone"":""declared"",""truncated"":""declared"",""url_binding"":""declared""},""file"":{""bytes"":null,""kind"":""json"",""name"":""inline"",""sha256"":null},""metrics"":[{""name"":""clicks"",""type"":""number"",""unit"":""count""},{""name"":""impressions"",""type"":""number"",""unit"":""count""}],""operation"":""search_analytics"",""period"":{""end_date"":""2026-09-30"",""start_date"":""2026-09-01""},""privacy"":""supplied"",""provider"":""gsc"",""reporting_identity"":""synthetic-search-console-property"",""search_engine"":""google"",""search_type"":""web"",""site_origin"":null,""timezone"":""Europe/Minsk""}"
audit:7d04558fd9d5e39995f723d9,0a83a0084f752597cab5ce5303f876dc,762e5de812021ad303469a65a82ec6508de388fcf5b7dde4c97d2c6cffdf6a41,gsc,search_analytics,synthetic-search-console-property,supplied,impressions,count,measured,,,unavailable,null,,https://example.com/page-b,https://example.com/page-b,https://example.com/page-b,keyed,,2026-09-01,2026-09-30,measured,,Europe/Minsk,measured,,last-click,measured,,google,measured,,web,measured,,complete,,false,false,false,2,b27bf7a07d7fbe05989bffd7fcaf9b68ab7a5c6f1fc16adbadd202d113977816,false,matched,1,"[""https://example.com/page-b""]",{},"{""ambiguous"":false,""dimensions"":{},""metrics"":{""clicks"":{""raw"":5,""reason"":null,""state"":""measured"",""unit"":""count"",""value"":5},""impressions"":{""raw"":null,""reason"":""null"",""state"":""unavailable"",""unit"":""count"",""value"":null}},""natural_key"":[""https://example.com/page-b""],""natural_key_sha256"":""b27bf7a07d7fbe05989bffd7fcaf9b68ab7a5c6f1fc16adbadd202d113977816"",""raw"":{""clicks"":5,""impressions"":null,""url"":""https://example.com/page-b""},""row_index"":2,""url"":{""normalized"":""https://example.com/page-b"",""raw"":""https://example.com/page-b"",""reason"":null,""resolved"":""https://example.com/page-b"",""state"":""keyed""}}","{""artifact_reference"":null,""attribution"":""last-click"",""collection"":{""collected_at"":null,""reason"":null,""sampled"":false,""state"":""complete"",""thresholded"":false,""truncated"":false},""dimensions"":[],""field_origins"":{""attribution"":""declared"",""collected_at"":""unknown"",""collection_state"":""declared"",""dimensions"":""declared"",""metrics"":""declared"",""operation"":""declared"",""period"":""declared"",""privacy"":""declared"",""provider"":""declared"",""reporting_identity"":""declared"",""sampled"":""declared"",""search_engine"":""declared"",""search_type"":""declared"",""site_origin"":""unknown"",""thresholded"":""declared"",""timezone"":""declared"",""truncated"":""declared"",""url_binding"":""declared""},""file"":{""bytes"":null,""kind"":""json"",""name"":""inline"",""sha256"":null},""metrics"":[{""name"":""clicks"",""type"":""number"",""unit"":""count""},{""name"":""impressions"",""type"":""number"",""unit"":""count""}],""operation"":""search_analytics"",""period"":{""end_date"":""2026-09-30"",""start_date"":""2026-09-01""},""privacy"":""supplied"",""provider"":""gsc"",""reporting_identity"":""synthetic-search-console-property"",""search_engine"":""google"",""search_type"":""web"",""site_origin"":null,""timezone"":""Europe/Minsk""}"
audit:7d04558fd9d5e39995f723d9,f92e891c6ec7a5c113f1046f337a9e77,762e5de812021ad303469a65a82ec6508de388fcf5b7dde4c97d2c6cffdf6a41,gsc,search_analytics,synthetic-search-console-property,supplied,clicks,count,measured,,1,measured,,1,https://example.com/no-title,https://example.com/no-title,https://example.com/no-title,keyed,,2026-09-01,2026-09-30,measured,,Europe/Minsk,measured,,last-click,measured,,google,measured,,web,measured,,complete,,false,false,false,3,b8f3d44e83a8e4972b17b818711e31906c0509f1d18909b3cfca5b7c2fa2d9a4,false,matched,1,"[""https://example.com/no-title""]",{},"{""ambiguous"":false,""dimensions"":{},""metrics"":{""clicks"":{""raw"":1,""reason"":null,""state"":""measured"",""unit"":""count"",""value"":1},""impressions"":{""raw"":8,""reason"":null,""state"":""measured"",""unit"":""count"",""value"":8}},""natural_key"":[""https://example.com/no-title""],""natural_key_sha256"":""b8f3d44e83a8e4972b17b818711e31906c0509f1d18909b3cfca5b7c2fa2d9a4"",""raw"":{""clicks"":1,""impressions"":8,""url"":""https://example.com/no-title""},""row_index"":3,""url"":{""normalized"":""https://example.com/no-title"",""raw"":""https://example.com/no-title"",""reason"":null,""resolved"":""https://example.com/no-title"",""state"":""keyed""}}","{""artifact_reference"":null,""attribution"":""last-click"",""collection"":{""collected_at"":null,""reason"":null,""sampled"":false,""state"":""complete"",""thresholded"":false,""truncated"":false},""dimensions"":[],""field_origins"":{""attribution"":""declared"",""collected_at"":""unknown"",""collection_state"":""declared"",""dimensions"":""declared"",""metrics"":""declared"",""operation"":""declared"",""period"":""declared"",""privacy"":""declared"",""provider"":""declared"",""reporting_identity"":""declared"",""sampled"":""declared"",""search_engine"":""declared"",""search_type"":""declared"",""site_origin"":""unknown"",""thresholded"":""declared"",""timezone"":""declared"",""truncated"":""declared"",""url_binding"":""declared""},""file"":{""bytes"":null,""kind"":""json"",""name"":""inline"",""sha256"":null},""metrics"":[{""name"":""clicks"",""type"":""number"",""unit"":""count""},{""name"":""impressions"",""type"":""number"",""unit"":""count""}],""operation"":""search_analytics"",""period"":{""end_date"":""2026-09-30"",""start_date"":""2026-09-01""},""privacy"":""supplied"",""provider"":""gsc"",""reporting_identity"":""synthetic-search-console-property"",""search_engine"":""google"",""search_type"":""web"",""site_origin"":null,""timezone"":""Europe/Minsk""}"
audit:7d04558fd9d5e39995f723d9,b10a7ab2fb0d1c9d76da959d75f99cf5,762e5de812021ad303469a65a82ec6508de388fcf5b7dde4c97d2c6cffdf6a41,gsc,search_analytics,synthetic-search-console-property,supplied,impressions,count,measured,,8,measured,,8,https://example.com/no-title,https://example.com/no-title,https://example.com/no-title,keyed,,2026-09-01,2026-09-30,measured,,Europe/Minsk,measured,,last-click,measured,,google,measured,,web,measured,,complete,,false,false,false,3,b8f3d44e83a8e4972b17b818711e31906c0509f1d18909b3cfca5b7c2fa2d9a4,false,matched,1,"[""https://example.com/no-title""]",{},"{""ambiguous"":false,""dimensions"":{},""metrics"":{""clicks"":{""raw"":1,""reason"":null,""state"":""measured"",""unit"":""count"",""value"":1},""impressions"":{""raw"":8,""reason"":null,""state"":""measured"",""unit"":""count"",""value"":8}},""natural_key"":[""https://example.com/no-title""],""natural_key_sha256"":""b8f3d44e83a8e4972b17b818711e31906c0509f1d18909b3cfca5b7c2fa2d9a4"",""raw"":{""clicks"":1,""impressions"":8,""url"":""https://example.com/no-title""},""row_index"":3,""url"":{""normalized"":""https://example.com/no-title"",""raw"":""https://example.com/no-title"",""reason"":null,""resolved"":""https://example.com/no-title"",""state"":""keyed""}}","{""artifact_reference"":null,""attribution"":""last-click"",""collection"":{""collected_at"":null,""reason"":null,""sampled"":false,""state"":""complete"",""thresholded"":false,""truncated"":false},""dimensions"":[],""field_origins"":{""attribution"":""declared"",""collected_at"":""unknown"",""collection_state"":""declared"",""dimensions"":""declared"",""metrics"":""declared"",""operation"":""declared"",""period"":""declared"",""privacy"":""declared"",""provider"":""declared"",""reporting_identity"":""declared"",""sampled"":""declared"",""search_engine"":""declared"",""search_type"":""declared"",""site_origin"":""unknown"",""thresholded"":""declared"",""timezone"":""declared"",""truncated"":""declared"",""url_binding"":""declared""},""file"":{""bytes"":null,""kind"":""json"",""name"":""inline"",""sha256"":null},""metrics"":[{""name"":""clicks"",""type"":""number"",""unit"":""count""},{""name"":""impressions"",""type"":""number"",""unit"":""count""}],""operation"":""search_analytics"",""period"":{""end_date"":""2026-09-30"",""start_date"":""2026-09-01""},""privacy"":""supplied"",""provider"":""gsc"",""reporting_identity"":""synthetic-search-console-property"",""search_engine"":""google"",""search_type"":""web"",""site_origin"":null,""timezone"":""Europe/Minsk""}"
audit:7d04558fd9d5e39995f723d9,ea6fb79d4d535cd9f3988d30014600ee,762e5de812021ad303469a65a82ec6508de388fcf5b7dde4c97d2c6cffdf6a41,gsc,search_analytics,synthetic-search-console-property,supplied,clicks,count,measured,,8,measured,,8,https://external.example.com/landing,https://external.example.com/landing,https://external.example.com/landing,keyed,,2026-09-01,2026-09-30,measured,,Europe/Minsk,measured,,last-click,measured,,google,measured,,web,measured,,complete,,false,false,false,4,c2d0e2c91f3af8cd9b7d7022fff6b9dcf6b5b32fe4546bbee8df03678eff9f42,false,external_only,0,[],{},"{""ambiguous"":false,""dimensions"":{},""metrics"":{""clicks"":{""raw"":8,""reason"":null,""state"":""measured"",""unit"":""count"",""value"":8},""impressions"":{""raw"":90,""reason"":null,""state"":""measured"",""unit"":""count"",""value"":90}},""natural_key"":[""https://external.example.com/landing""],""natural_key_sha256"":""c2d0e2c91f3af8cd9b7d7022fff6b9dcf6b5b32fe4546bbee8df03678eff9f42"",""raw"":{""clicks"":8,""impressions"":90,""url"":""https://external.example.com/landing""},""row_index"":4,""url"":{""normalized"":""https://external.example.com/landing"",""raw"":""https://external.example.com/landing"",""reason"":null,""resolved"":""https://external.example.com/landing"",""state"":""keyed""}}","{""artifact_reference"":null,""attribution"":""last-click"",""collection"":{""collected_at"":null,""reason"":null,""sampled"":false,""state"":""complete"",""thresholded"":false,""truncated"":false},""dimensions"":[],""field_origins"":{""attribution"":""declared"",""collected_at"":""unknown"",""collection_state"":""declared"",""dimensions"":""declared"",""metrics"":""declared"",""operation"":""declared"",""period"":""declared"",""privacy"":""declared"",""provider"":""declared"",""reporting_identity"":""declared"",""sampled"":""declared"",""search_engine"":""declared"",""search_type"":""declared"",""site_origin"":""unknown"",""thresholded"":""declared"",""timezone"":""declared"",""truncated"":""declared"",""url_binding"":""declared""},""file"":{""bytes"":null,""kind"":""json"",""name"":""inline"",""sha256"":null},""metrics"":[{""name"":""clicks"",""type"":""number"",""unit"":""count""},{""name"":""impressions"",""type"":""number"",""unit"":""count""}],""operation"":""search_analytics"",""period"":{""end_date"":""2026-09-30"",""start_date"":""2026-09-01""},""privacy"":""supplied"",""provider"":""gsc"",""reporting_identity"":""synthetic-search-console-property"",""search_engine"":""google"",""search_type"":""web"",""site_origin"":null,""timezone"":""Europe/Minsk""}"
audit:7d04558fd9d5e39995f723d9,8a34c03f8210f1e39db923d4a37e1d41,762e5de812021ad303469a65a82ec6508de388fcf5b7dde4c97d2c6cffdf6a41,gsc,search_analytics,synthetic-search-console-property,supplied,impressions,count,measured,,90,measured,,90,https://external.example.com/landing,https://external.example.com/landing,https://external.example.com/landing,keyed,,2026-09-01,2026-09-30,measured,,Europe/Minsk,measured,,last-click,measured,,google,measured,,web,measured,,complete,,false,false,false,4,c2d0e2c91f3af8cd9b7d7022fff6b9dcf6b5b32fe4546bbee8df03678eff9f42,false,external_only,0,[],{},"{""ambiguous"":false,""dimensions"":{},""metrics"":{""clicks"":{""raw"":8,""reason"":null,""state"":""measured"",""unit"":""count"",""value"":8},""impressions"":{""raw"":90,""reason"":null,""state"":""measured"",""unit"":""count"",""value"":90}},""natural_key"":[""https://external.example.com/landing""],""natural_key_sha256"":""c2d0e2c91f3af8cd9b7d7022fff6b9dcf6b5b32fe4546bbee8df03678eff9f42"",""raw"":{""clicks"":8,""impressions"":90,""url"":""https://external.example.com/landing""},""row_index"":4,""url"":{""normalized"":""https://external.example.com/landing"",""raw"":""https://external.example.com/landing"",""reason"":null,""resolved"":""https://external.example.com/landing"",""state"":""keyed""}}","{""artifact_reference"":null,""attribution"":""last-click"",""collection"":{""collected_at"":null,""reason"":null,""sampled"":false,""state"":""complete"",""thresholded"":false,""truncated"":false},""dimensions"":[],""field_origins"":{""attribution"":""declared"",""collected_at"":""unknown"",""collection_state"":""declared"",""dimensions"":""declared"",""metrics"":""declared"",""operation"":""declared"",""period"":""declared"",""privacy"":""declared"",""provider"":""declared"",""reporting_identity"":""declared"",""sampled"":""declared"",""search_engine"":""declared"",""search_type"":""declared"",""site_origin"":""unknown"",""thresholded"":""declared"",""timezone"":""declared"",""truncated"":""declared"",""url_binding"":""declared""},""file"":{""bytes"":null,""kind"":""json"",""name"":""inline"",""sha256"":null},""metrics"":[{""name"":""clicks"",""type"":""number"",""unit"":""count""},{""name"":""impressions"",""type"":""number"",""unit"":""count""}],""operation"":""search_analytics"",""period"":{""end_date"":""2026-09-30"",""start_date"":""2026-09-01""},""privacy"":""supplied"",""provider"":""gsc"",""reporting_identity"":""synthetic-search-console-property"",""search_engine"":""google"",""search_type"":""web"",""site_origin"":null,""timezone"":""Europe/Minsk""}"
audit:7d04558fd9d5e39995f723d9,ba19b8f87fe615a7cbe99557d0d93f0c,762e5de812021ad303469a65a82ec6508de388fcf5b7dde4c97d2c6cffdf6a41,gsc,search_analytics,synthetic-search-console-property,supplied,clicks,count,measured,,2,measured,,2,/relative-path-not-joinable,/relative-path-not-joinable,,unkeyable,url_invalid,2026-09-01,2026-09-30,measured,,Europe/Minsk,measured,,last-click,measured,,google,measured,,web,measured,,complete,,false,false,false,5,48f50beb353f326a63181bd68185ace9a84e2b4a51d2fa06779141d571236eab,false,unkeyable,0,[],{},"{""ambiguous"":false,""dimensions"":{},""metrics"":{""clicks"":{""raw"":2,""reason"":null,""state"":""measured"",""unit"":""count"",""value"":2},""impressions"":{""raw"":10,""reason"":null,""state"":""measured"",""unit"":""count"",""value"":10}},""natural_key"":[""/relative-path-not-joinable""],""natural_key_sha256"":""48f50beb353f326a63181bd68185ace9a84e2b4a51d2fa06779141d571236eab"",""raw"":{""clicks"":2,""impressions"":10,""url"":""/relative-path-not-joinable""},""row_index"":5,""url"":{""normalized"":null,""raw"":""/relative-path-not-joinable"",""reason"":""url_invalid"",""resolved"":""/relative-path-not-joinable"",""state"":""unkeyable""}}","{""artifact_reference"":null,""attribution"":""last-click"",""collection"":{""collected_at"":null,""reason"":null,""sampled"":false,""state"":""complete"",""thresholded"":false,""truncated"":false},""dimensions"":[],""field_origins"":{""attribution"":""declared"",""collected_at"":""unknown"",""collection_state"":""declared"",""dimensions"":""declared"",""metrics"":""declared"",""operation"":""declared"",""period"":""declared"",""privacy"":""declared"",""provider"":""declared"",""reporting_identity"":""declared"",""sampled"":""declared"",""search_engine"":""declared"",""search_type"":""declared"",""site_origin"":""unknown"",""thresholded"":""declared"",""timezone"":""declared"",""truncated"":""declared"",""url_binding"":""declared""},""file"":{""bytes"":null,""kind"":""json"",""name"":""inline"",""sha256"":null},""metrics"":[{""name"":""clicks"",""type"":""number"",""unit"":""count""},{""name"":""impressions"",""type"":""number"",""unit"":""count""}],""operation"":""search_analytics"",""period"":{""end_date"":""2026-09-30"",""start_date"":""2026-09-01""},""privacy"":""supplied"",""provider"":""gsc"",""reporting_identity"":""synthetic-search-console-property"",""search_engine"":""google"",""search_type"":""web"",""site_origin"":null,""timezone"":""Europe/Minsk""}"
audit:7d04558fd9d5e39995f723d9,2170ebedb3ec0afb09a5ff7d662477ba,762e5de812021ad303469a65a82ec6508de388fcf5b7dde4c97d2c6cffdf6a41,gsc,search_analytics,synthetic-search-console-property,supplied,impressions,count,measured,,10,measured,,10,/relative-path-not-joinable,/relative-path-not-joinable,,unkeyable,url_invalid,2026-09-01,2026-09-30,measured,,Europe/Minsk,measured,,last-click,measured,,google,measured,,web,measured,,complete,,false,false,false,5,48f50beb353f326a63181bd68185ace9a84e2b4a51d2fa06779141d571236eab,false,unkeyable,0,[],{},"{""ambiguous"":false,""dimensions"":{},""metrics"":{""clicks"":{""raw"":2,""reason"":null,""state"":""measured"",""unit"":""count"",""value"":2},""impressions"":{""raw"":10,""reason"":null,""state"":""measured"",""unit"":""count"",""value"":10}},""natural_key"":[""/relative-path-not-joinable""],""natural_key_sha256"":""48f50beb353f326a63181bd68185ace9a84e2b4a51d2fa06779141d571236eab"",""raw"":{""clicks"":2,""impressions"":10,""url"":""/relative-path-not-joinable""},""row_index"":5,""url"":{""normalized"":null,""raw"":""/relative-path-not-joinable"",""reason"":""url_invalid"",""resolved"":""/relative-path-not-joinable"",""state"":""unkeyable""}}","{""artifact_reference"":null,""attribution"":""last-click"",""collection"":{""collected_at"":null,""reason"":null,""sampled"":false,""state"":""complete"",""thresholded"":false,""truncated"":false},""dimensions"":[],""field_origins"":{""attribution"":""declared"",""collected_at"":""unknown"",""collection_state"":""declared"",""dimensions"":""declared"",""metrics"":""declared"",""operation"":""declared"",""period"":""declared"",""privacy"":""declared"",""provider"":""declared"",""reporting_identity"":""declared"",""sampled"":""declared"",""search_engine"":""declared"",""search_type"":""declared"",""site_origin"":""unknown"",""thresholded"":""declared"",""timezone"":""declared"",""truncated"":""declared"",""url_binding"":""declared""},""file"":{""bytes"":null,""kind"":""json"",""name"":""inline"",""sha256"":null},""metrics"":[{""name"":""clicks"",""type"":""number"",""unit"":""count""},{""name"":""impressions"",""type"":""number"",""unit"":""count""}],""operation"":""search_analytics"",""period"":{""end_date"":""2026-09-30"",""start_date"":""2026-09-01""},""privacy"":""supplied"",""provider"":""gsc"",""reporting_identity"":""synthetic-search-console-property"",""search_engine"":""google"",""search_type"":""web"",""site_origin"":null,""timezone"":""Europe/Minsk""}"
audit:7d04558fd9d5e39995f723d9,aa53d7a69dd5a6a23b6a576f0be42113,f617bbcc539d5a3ad11bfe729db446a8b46b56bda77683d681c6b395e9274126,ga4,run_report,synthetic-ga4-property,supplied,sessions,count,measured,,45,measured,,45,https://example.com/,https://example.com/,https://example.com/,keyed,,2026-09-01,2026-09-30,measured,,Europe/Minsk,measured,,last-click,measured,,,unknown,source did not establish search_engine,,unknown,source did not establish search_type,complete,,false,false,false,0,ad80e082c1a7a4a9d351efa4cbe0f33784ef5c2a348ed13ccdca2716cf27f248,false,matched,1,"[""https://example.com/""]",{},"{""ambiguous"":false,""dimensions"":{},""metrics"":{""sessions"":{""raw"":45,""reason"":null,""state"":""measured"",""unit"":""count"",""value"":45}},""natural_key"":[""https://example.com/""],""natural_key_sha256"":""ad80e082c1a7a4a9d351efa4cbe0f33784ef5c2a348ed13ccdca2716cf27f248"",""raw"":{""sessions"":45,""url"":""https://example.com/""},""row_index"":0,""url"":{""normalized"":""https://example.com/"",""raw"":""https://example.com/"",""reason"":null,""resolved"":""https://example.com/"",""state"":""keyed""}}","{""artifact_reference"":null,""attribution"":""last-click"",""collection"":{""collected_at"":null,""reason"":null,""sampled"":false,""state"":""complete"",""thresholded"":false,""truncated"":false},""dimensions"":[],""field_origins"":{""attribution"":""declared"",""collected_at"":""unknown"",""collection_state"":""declared"",""dimensions"":""declared"",""metrics"":""declared"",""operation"":""declared"",""period"":""declared"",""privacy"":""declared"",""provider"":""declared"",""reporting_identity"":""declared"",""sampled"":""declared"",""search_engine"":""unknown"",""search_type"":""unknown"",""site_origin"":""unknown"",""thresholded"":""declared"",""timezone"":""declared"",""truncated"":""declared"",""url_binding"":""declared""},""file"":{""bytes"":null,""kind"":""json"",""name"":""inline"",""sha256"":null},""metrics"":[{""name"":""sessions"",""type"":""number"",""unit"":""count""}],""operation"":""run_report"",""period"":{""end_date"":""2026-09-30"",""start_date"":""2026-09-01""},""privacy"":""supplied"",""provider"":""ga4"",""reporting_identity"":""synthetic-ga4-property"",""search_engine"":null,""search_type"":null,""site_origin"":null,""timezone"":""Europe/Minsk""}"
audit:7d04558fd9d5e39995f723d9,b62495fa1601376504d7596cc446abeb,f617bbcc539d5a3ad11bfe729db446a8b46b56bda77683d681c6b395e9274126,ga4,run_report,synthetic-ga4-property,supplied,sessions,count,measured,,9,measured,,9,https://example.com/page-a,https://example.com/page-a,https://example.com/page-a,keyed,,2026-09-01,2026-09-30,measured,,Europe/Minsk,measured,,last-click,measured,,,unknown,source did not establish search_engine,,unknown,source did not establish search_type,complete,,false,false,false,1,1589a320e6d46f968d6a9eef99b4960853f4b7d399ad2c7d112041d887190e49,false,matched,1,"[""https://example.com/page-a""]",{},"{""ambiguous"":false,""dimensions"":{},""metrics"":{""sessions"":{""raw"":9,""reason"":null,""state"":""measured"",""unit"":""count"",""value"":9}},""natural_key"":[""https://example.com/page-a""],""natural_key_sha256"":""1589a320e6d46f968d6a9eef99b4960853f4b7d399ad2c7d112041d887190e49"",""raw"":{""sessions"":9,""url"":""https://example.com/page-a""},""row_index"":1,""url"":{""normalized"":""https://example.com/page-a"",""raw"":""https://example.com/page-a"",""reason"":null,""resolved"":""https://example.com/page-a"",""state"":""keyed""}}","{""artifact_reference"":null,""attribution"":""last-click"",""collection"":{""collected_at"":null,""reason"":null,""sampled"":false,""state"":""complete"",""thresholded"":false,""truncated"":false},""dimensions"":[],""field_origins"":{""attribution"":""declared"",""collected_at"":""unknown"",""collection_state"":""declared"",""dimensions"":""declared"",""metrics"":""declared"",""operation"":""declared"",""period"":""declared"",""privacy"":""declared"",""provider"":""declared"",""reporting_identity"":""declared"",""sampled"":""declared"",""search_engine"":""unknown"",""search_type"":""unknown"",""site_origin"":""unknown"",""thresholded"":""declared"",""timezone"":""declared"",""truncated"":""declared"",""url_binding"":""declared""},""file"":{""bytes"":null,""kind"":""json"",""name"":""inline"",""sha256"":null},""metrics"":[{""name"":""sessions"",""type"":""number"",""unit"":""count""}],""operation"":""run_report"",""period"":{""end_date"":""2026-09-30"",""start_date"":""2026-09-01""},""privacy"":""supplied"",""provider"":""ga4"",""reporting_identity"":""synthetic-ga4-property"",""search_engine"":null,""search_type"":null,""site_origin"":null,""timezone"":""Europe/Minsk""}"
audit:7d04558fd9d5e39995f723d9,6d5019d8d00b1351ddcfa85688e34d24,f617bbcc539d5a3ad11bfe729db446a8b46b56bda77683d681c6b395e9274126,ga4,run_report,synthetic-ga4-property,supplied,sessions,count,measured,,2,measured,,2,https://example.com/no-title,https://example.com/no-title,https://example.com/no-title,keyed,,2026-09-01,2026-09-30,measured,,Europe/Minsk,measured,,last-click,measured,,,unknown,source did not establish search_engine,,unknown,source did not establish search_type,complete,,false,false,false,2,b8f3d44e83a8e4972b17b818711e31906c0509f1d18909b3cfca5b7c2fa2d9a4,false,matched,1,"[""https://example.com/no-title""]",{},"{""ambiguous"":false,""dimensions"":{},""metrics"":{""sessions"":{""raw"":2,""reason"":null,""state"":""measured"",""unit"":""count"",""value"":2}},""natural_key"":[""https://example.com/no-title""],""natural_key_sha256"":""b8f3d44e83a8e4972b17b818711e31906c0509f1d18909b3cfca5b7c2fa2d9a4"",""raw"":{""sessions"":2,""url"":""https://example.com/no-title""},""row_index"":2,""url"":{""normalized"":""https://example.com/no-title"",""raw"":""https://example.com/no-title"",""reason"":null,""resolved"":""https://example.com/no-title"",""state"":""keyed""}}","{""artifact_reference"":null,""attribution"":""last-click"",""collection"":{""collected_at"":null,""reason"":null,""sampled"":false,""state"":""complete"",""thresholded"":false,""truncated"":false},""dimensions"":[],""field_origins"":{""attribution"":""declared"",""collected_at"":""unknown"",""collection_state"":""declared"",""dimensions"":""declared"",""metrics"":""declared"",""operation"":""declared"",""period"":""declared"",""privacy"":""declared"",""provider"":""declared"",""reporting_identity"":""declared"",""sampled"":""declared"",""search_engine"":""unknown"",""search_type"":""unknown"",""site_origin"":""unknown"",""thresholded"":""declared"",""timezone"":""declared"",""truncated"":""declared"",""url_binding"":""declared""},""file"":{""bytes"":null,""kind"":""json"",""name"":""inline"",""sha256"":null},""metrics"":[{""name"":""sessions"",""type"":""number"",""unit"":""count""}],""operation"":""run_report"",""period"":{""end_date"":""2026-09-30"",""start_date"":""2026-09-01""},""privacy"":""supplied"",""provider"":""ga4"",""reporting_identity"":""synthetic-ga4-property"",""search_engine"":null,""search_type"":null,""site_origin"":null,""timezone"":""Europe/Minsk""}"
audit:7d04558fd9d5e39995f723d9,d40a616e93289d177f50ccc9e114f712,f617bbcc539d5a3ad11bfe729db446a8b46b56bda77683d681c6b395e9274126,ga4,run_report,synthetic-ga4-property,supplied,sessions,count,measured,,3,measured,,3,https://example.com/old-page,https://example.com/old-page,https://example.com/old-page,keyed,,2026-09-01,2026-09-30,measured,,Europe/Minsk,measured,,last-click,measured,,,unknown,source did not establish search_engine,,unknown,source did not establish search_type,complete,,false,false,false,3,f155f2fb1c5e1893a3340ceac9023d907483cd206ca09442e5182a73dfa4aadf,false,matched,1,"[""https://example.com/old-page""]",{},"{""ambiguous"":false,""dimensions"":{},""metrics"":{""sessions"":{""raw"":3,""reason"":null,""state"":""measured"",""unit"":""count"",""value"":3}},""natural_key"":[""https://example.com/old-page""],""natural_key_sha256"":""f155f2fb1c5e1893a3340ceac9023d907483cd206ca09442e5182a73dfa4aadf"",""raw"":{""sessions"":3,""url"":""https://example.com/old-page""},""row_index"":3,""url"":{""normalized"":""https://example.com/old-page"",""raw"":""https://example.com/old-page"",""reason"":null,""resolved"":""https://example.com/old-page"",""state"":""keyed""}}","{""artifact_reference"":null,""attribution"":""last-click"",""collection"":{""collected_at"":null,""reason"":null,""sampled"":false,""state"":""complete"",""thresholded"":false,""truncated"":false},""dimensions"":[],""field_origins"":{""attribution"":""declared"",""collected_at"":""unknown"",""collection_state"":""declared"",""dimensions"":""declared"",""metrics"":""declared"",""operation"":""declared"",""period"":""declared"",""privacy"":""declared"",""provider"":""declared"",""reporting_identity"":""declared"",""sampled"":""declared"",""search_engine"":""unknown"",""search_type"":""unknown"",""site_origin"":""unknown"",""thresholded"":""declared"",""timezone"":""declared"",""truncated"":""declared"",""url_binding"":""declared""},""file"":{""bytes"":null,""kind"":""json"",""name"":""inline"",""sha256"":null},""metrics"":[{""name"":""sessions"",""type"":""number"",""unit"":""count""}],""operation"":""run_report"",""period"":{""end_date"":""2026-09-30"",""start_date"":""2026-09-01""},""privacy"":""supplied"",""provider"":""ga4"",""reporting_identity"":""synthetic-ga4-property"",""search_engine"":null,""search_type"":null,""site_origin"":null,""timezone"":""Europe/Minsk""}"
