run_id,cohort_observation_id,cohort_id,definition_version,definition,url,url_key,url_key_state,url_key_reason,membership,state,reason,value_label,value_number,threshold,numerator,denominator,extraction_coverage_state,extraction_coverage_reason,search_metric,search_value,search_value_state,sessions_value,sessions_value_state,period_start,period_end,timezone,source_metric_observations_json
audit:73121f1fdbf0e2fed6d03e92,b42a188788811ba3653720dda306a79a,observed_status,seohead.bi.cohort.v1,Observed HTTP status group for this retained crawl URL; no Google-crawl claim.,https://example.com/,https://example.com/,keyed,,member,available,,successful_html,200,,,,not_applicable,,,,not_configured,,not_configured,,,,[]
audit:73121f1fdbf0e2fed6d03e92,d0c61406fb09a949dac0a38a303807a4,captured_indexability,seohead.bi.cohort.v1,Captured indexability/directive state from the selected retained run.,https://example.com/,https://example.com/,keyed,,member,available,,Indexable,,,,,not_applicable,,,,not_configured,,not_configured,,,,[]
audit:73121f1fdbf0e2fed6d03e92,90ed618810a64ad43784018500d590f6,crawl_relative_depth,seohead.bi.cohort.v1,Crawl-relative depth band; deep means retained crawl depth >= 3.,https://example.com/,https://example.com/,keyed,,member,available,,shallow,0,3,,,not_applicable,,,,not_configured,,not_configured,,,,[]
audit:73121f1fdbf0e2fed6d03e92,57ef80b62a778b316c480995d8460cfa,observed_unique_inlink_share,seohead.bi.cohort.v1,Observed eligible-page share: numerator is unique retained in-scope sources linking to this target; denominator is in-scope pages with completed HTML link extraction. Repeated occurrences count once per source. Partial scope is not the whole site.,https://example.com/,https://example.com/,keyed,,unclassified,unavailable,retained occurrence evidence and completed source extraction are required,,,,,,unavailable,,,,not_configured,,not_configured,,,,[]
audit:73121f1fdbf0e2fed6d03e92,7722d65fecffc980fd4ac48620a4bc49,search_visibility_vs_sessions,seohead.bi.cohort.v1,"Search Console clicks and GA sessions are separate axes. A quadrant needs one measured dimensionless URL value from each complete source for the same inclusive local-date window and timezone, with explicit unsampled/unthresholded/untruncated collection and known attribution. Nonnegative counts and source scopes remain separately labelled under strict calendar and cross-source juxtaposition policies; values are never summed.",https://example.com/,https://example.com/,keyed,,member,available,,positive_search_positive_sessions,,,,,not_applicable,,clicks,12,measured,45,measured,2026-09-01,2026-09-30,Europe/Minsk,"[{""attribution"":""last-click"",""boundary_policy"":""strict"",""collection"":{""collected_at"":null,""reason"":null,""sampled"":false,""state"":""complete"",""thresholded"":false,""truncated"":false},""cross_source_policy"":""juxtapose"",""field_origins"":{""attribution"":""declared"",""collected_at"":""unknown"",""collection_state"":""declared"",""dimensions"":""declared"",""metrics"":""declared"",""operation"":""declared"",""period"":""declared"",""privacy"":""declared"",""provider"":""declared"",""reporting_identity"":""declared"",""sampled"":""declared"",""search_engine"":""declared"",""search_type"":""declared"",""site_origin"":""unknown"",""thresholded"":""declared"",""timezone"":""declared"",""truncated"":""declared"",""url_binding"":""declared""},""metric"":""clicks"",""metric_unit"":""count"",""natural_key_sha256"":""ad80e082c1a7a4a9d351efa4cbe0f33784ef5c2a348ed13ccdca2716cf27f248"",""operation"":""search_analytics"",""period_end"":""2026-09-30"",""period_start"":""2026-09-01"",""provider"":""gsc"",""provider_source_id"":""762e5de812021ad303469a65a82ec6508de388fcf5b7dde4c97d2c6cffdf6a41"",""reporting_identity"":""synthetic-search-console-property"",""search_engine"":""google"",""search_type"":""web"",""source_row_index"":0,""timezone"":""Europe/Minsk"",""value"":12},{""attribution"":""last-click"",""boundary_policy"":""strict"",""collection"":{""collected_at"":null,""reason"":null,""sampled"":false,""state"":""complete"",""thresholded"":false,""truncated"":false},""cross_source_policy"":""juxtapose"",""field_origins"":{""attribution"":""declared"",""collected_at"":""unknown"",""collection_state"":""declared"",""dimensions"":""declared"",""metrics"":""declared"",""operation"":""declared"",""period"":""declared"",""privacy"":""declared"",""provider"":""declared"",""reporting_identity"":""declared"",""sampled"":""declared"",""search_engine"":""unknown"",""search_type"":""unknown"",""site_origin"":""unknown"",""thresholded"":""declared"",""timezone"":""declared"",""truncated"":""declared"",""url_binding"":""declared""},""metric"":""sessions"",""metric_unit"":""count"",""natural_key_sha256"":""ad80e082c1a7a4a9d351efa4cbe0f33784ef5c2a348ed13ccdca2716cf27f248"",""operation"":""run_report"",""period_end"":""2026-09-30"",""period_start"":""2026-09-01"",""provider"":""ga4"",""provider_source_id"":""f617bbcc539d5a3ad11bfe729db446a8b46b56bda77683d681c6b395e9274126"",""reporting_identity"":""synthetic-ga4-property"",""search_engine"":null,""search_type"":null,""source_row_index"":0,""timezone"":""Europe/Minsk"",""value"":45}]"
audit:73121f1fdbf0e2fed6d03e92,b7af0d3273b0d59f1eb8823a1363dac3,observed_status,seohead.bi.cohort.v1,Observed HTTP status group for this retained crawl URL; no Google-crawl claim.,https://example.com/page-a,https://example.com/page-a,keyed,,member,available,,successful_html,200,,,,not_applicable,,,,not_configured,,not_configured,,,,[]
audit:73121f1fdbf0e2fed6d03e92,1d0c4e31be8a017aaf6ce1db567fd1b1,captured_indexability,seohead.bi.cohort.v1,Captured indexability/directive state from the selected retained run.,https://example.com/page-a,https://example.com/page-a,keyed,,member,available,,Indexable,,,,,not_applicable,,,,not_configured,,not_configured,,,,[]
audit:73121f1fdbf0e2fed6d03e92,7e0148287c1a1d54a59a43d588e2a472,crawl_relative_depth,seohead.bi.cohort.v1,Crawl-relative depth band; deep means retained crawl depth >= 3.,https://example.com/page-a,https://example.com/page-a,keyed,,member,available,,shallow,1,3,,,not_applicable,,,,not_configured,,not_configured,,,,[]
audit:73121f1fdbf0e2fed6d03e92,94700045f0152270bffa69a246ad4202,observed_unique_inlink_share,seohead.bi.cohort.v1,Observed eligible-page share: numerator is unique retained in-scope sources linking to this target; denominator is in-scope pages with completed HTML link extraction. Repeated occurrences count once per source. Partial scope is not the whole site.,https://example.com/page-a,https://example.com/page-a,keyed,,unclassified,unavailable,retained occurrence evidence and completed source extraction are required,,,,,,unavailable,,,,not_configured,,not_configured,,,,[]
audit:73121f1fdbf0e2fed6d03e92,cf09db2e1a6f8ffc3037080fb8e780e3,search_visibility_vs_sessions,seohead.bi.cohort.v1,"Search Console clicks and GA sessions are separate axes. A quadrant needs one measured dimensionless URL value from each complete source for the same inclusive local-date window and timezone, with explicit unsampled/unthresholded/untruncated collection and known attribution. Nonnegative counts and source scopes remain separately labelled under strict calendar and cross-source juxtaposition policies; values are never summed.",https://example.com/page-a,https://example.com/page-a,keyed,,member,available,,zero_search_positive_sessions,,,,,not_applicable,,clicks,0,measured,9,measured,2026-09-01,2026-09-30,Europe/Minsk,"[{""attribution"":""last-click"",""boundary_policy"":""strict"",""collection"":{""collected_at"":null,""reason"":null,""sampled"":false,""state"":""complete"",""thresholded"":false,""truncated"":false},""cross_source_policy"":""juxtapose"",""field_origins"":{""attribution"":""declared"",""collected_at"":""unknown"",""collection_state"":""declared"",""dimensions"":""declared"",""metrics"":""declared"",""operation"":""declared"",""period"":""declared"",""privacy"":""declared"",""provider"":""declared"",""reporting_identity"":""declared"",""sampled"":""declared"",""search_engine"":""declared"",""search_type"":""declared"",""site_origin"":""unknown"",""thresholded"":""declared"",""timezone"":""declared"",""truncated"":""declared"",""url_binding"":""declared""},""metric"":""clicks"",""metric_unit"":""count"",""natural_key_sha256"":""1589a320e6d46f968d6a9eef99b4960853f4b7d399ad2c7d112041d887190e49"",""operation"":""search_analytics"",""period_end"":""2026-09-30"",""period_start"":""2026-09-01"",""provider"":""gsc"",""provider_source_id"":""762e5de812021ad303469a65a82ec6508de388fcf5b7dde4c97d2c6cffdf6a41"",""reporting_identity"":""synthetic-search-console-property"",""search_engine"":""google"",""search_type"":""web"",""source_row_index"":1,""timezone"":""Europe/Minsk"",""value"":0},{""attribution"":""last-click"",""boundary_policy"":""strict"",""collection"":{""collected_at"":null,""reason"":null,""sampled"":false,""state"":""complete"",""thresholded"":false,""truncated"":false},""cross_source_policy"":""juxtapose"",""field_origins"":{""attribution"":""declared"",""collected_at"":""unknown"",""collection_state"":""declared"",""dimensions"":""declared"",""metrics"":""declared"",""operation"":""declared"",""period"":""declared"",""privacy"":""declared"",""provider"":""declared"",""reporting_identity"":""declared"",""sampled"":""declared"",""search_engine"":""unknown"",""search_type"":""unknown"",""site_origin"":""unknown"",""thresholded"":""declared"",""timezone"":""declared"",""truncated"":""declared"",""url_binding"":""declared""},""metric"":""sessions"",""metric_unit"":""count"",""natural_key_sha256"":""1589a320e6d46f968d6a9eef99b4960853f4b7d399ad2c7d112041d887190e49"",""operation"":""run_report"",""period_end"":""2026-09-30"",""period_start"":""2026-09-01"",""provider"":""ga4"",""provider_source_id"":""f617bbcc539d5a3ad11bfe729db446a8b46b56bda77683d681c6b395e9274126"",""reporting_identity"":""synthetic-ga4-property"",""search_engine"":null,""search_type"":null,""source_row_index"":1,""timezone"":""Europe/Minsk"",""value"":9}]"
audit:73121f1fdbf0e2fed6d03e92,3d86a5f2cdc7852ac92dc7f1d579cd84,observed_status,seohead.bi.cohort.v1,Observed HTTP status group for this retained crawl URL; no Google-crawl claim.,https://example.com/page-b,https://example.com/page-b,keyed,,member,available,,successful_html,200,,,,not_applicable,,,,not_configured,,not_configured,,,,[]
audit:73121f1fdbf0e2fed6d03e92,9d5d926018aa5eab5029768e1ec32a35,captured_indexability,seohead.bi.cohort.v1,Captured indexability/directive state from the selected retained run.,https://example.com/page-b,https://example.com/page-b,keyed,,member,available,,Indexable,,,,,not_applicable,,,,not_configured,,not_configured,,,,[]
audit:73121f1fdbf0e2fed6d03e92,e2421cae7ab2dfc35d43b3bb2f7f1262,crawl_relative_depth,seohead.bi.cohort.v1,Crawl-relative depth band; deep means retained crawl depth >= 3.,https://example.com/page-b,https://example.com/page-b,keyed,,member,available,,shallow,1,3,,,not_applicable,,,,not_configured,,not_configured,,,,[]
audit:73121f1fdbf0e2fed6d03e92,4f9dc1955f17164d40536f1a76632103,observed_unique_inlink_share,seohead.bi.cohort.v1,Observed eligible-page share: numerator is unique retained in-scope sources linking to this target; denominator is in-scope pages with completed HTML link extraction. Repeated occurrences count once per source. Partial scope is not the whole site.,https://example.com/page-b,https://example.com/page-b,keyed,,unclassified,unavailable,retained occurrence evidence and completed source extraction are required,,,,,,unavailable,,,,not_configured,,not_configured,,,,[]
audit:73121f1fdbf0e2fed6d03e92,ac4c2ded80d154aab9e43bbebb3c4766,search_visibility_vs_sessions,seohead.bi.cohort.v1,"Search Console clicks and GA sessions are separate axes. A quadrant needs one measured dimensionless URL value from each complete source for the same inclusive local-date window and timezone, with explicit unsampled/unthresholded/untruncated collection and known attribution. Nonnegative counts and source scopes remain separately labelled under strict calendar and cross-source juxtaposition policies; values are never summed.",https://example.com/page-b,https://example.com/page-b,keyed,,unclassified,incomplete,no one-to-one complete compatible URL metric pair is retained,,,,,,not_applicable,,clicks,,unavailable,,unavailable,,,,[]
audit:73121f1fdbf0e2fed6d03e92,cb59e6fc8ac9a764d748d321c9fc1916,observed_status,seohead.bi.cohort.v1,Observed HTTP status group for this retained crawl URL; no Google-crawl claim.,https://example.com/no-title,https://example.com/no-title,keyed,,member,available,,successful_html,200,,,,not_applicable,,,,not_configured,,not_configured,,,,[]
audit:73121f1fdbf0e2fed6d03e92,268b94d23b12968328a947a187f27da2,captured_indexability,seohead.bi.cohort.v1,Captured indexability/directive state from the selected retained run.,https://example.com/no-title,https://example.com/no-title,keyed,,member,available,,Indexable,,,,,not_applicable,,,,not_configured,,not_configured,,,,[]
audit:73121f1fdbf0e2fed6d03e92,f207852c928e0891f844473e74ece9db,crawl_relative_depth,seohead.bi.cohort.v1,Crawl-relative depth band; deep means retained crawl depth >= 3.,https://example.com/no-title,https://example.com/no-title,keyed,,member,available,,shallow,2,3,,,not_applicable,,,,not_configured,,not_configured,,,,[]
audit:73121f1fdbf0e2fed6d03e92,72f9e7de28cbb9af860ded5a11746b8b,observed_unique_inlink_share,seohead.bi.cohort.v1,Observed eligible-page share: numerator is unique retained in-scope sources linking to this target; denominator is in-scope pages with completed HTML link extraction. Repeated occurrences count once per source. Partial scope is not the whole site.,https://example.com/no-title,https://example.com/no-title,keyed,,unclassified,unavailable,retained occurrence evidence and completed source extraction are required,,,,,,unavailable,,,,not_configured,,not_configured,,,,[]
audit:73121f1fdbf0e2fed6d03e92,a23cf469e78bba4de200c5af234fef33,search_visibility_vs_sessions,seohead.bi.cohort.v1,"Search Console clicks and GA sessions are separate axes. A quadrant needs one measured dimensionless URL value from each complete source for the same inclusive local-date window and timezone, with explicit unsampled/unthresholded/untruncated collection and known attribution. Nonnegative counts and source scopes remain separately labelled under strict calendar and cross-source juxtaposition policies; values are never summed.",https://example.com/no-title,https://example.com/no-title,keyed,,member,available,,positive_search_positive_sessions,,,,,not_applicable,,clicks,1,measured,2,measured,2026-09-01,2026-09-30,Europe/Minsk,"[{""attribution"":""last-click"",""boundary_policy"":""strict"",""collection"":{""collected_at"":null,""reason"":null,""sampled"":false,""state"":""complete"",""thresholded"":false,""truncated"":false},""cross_source_policy"":""juxtapose"",""field_origins"":{""attribution"":""declared"",""collected_at"":""unknown"",""collection_state"":""declared"",""dimensions"":""declared"",""metrics"":""declared"",""operation"":""declared"",""period"":""declared"",""privacy"":""declared"",""provider"":""declared"",""reporting_identity"":""declared"",""sampled"":""declared"",""search_engine"":""declared"",""search_type"":""declared"",""site_origin"":""unknown"",""thresholded"":""declared"",""timezone"":""declared"",""truncated"":""declared"",""url_binding"":""declared""},""metric"":""clicks"",""metric_unit"":""count"",""natural_key_sha256"":""b8f3d44e83a8e4972b17b818711e31906c0509f1d18909b3cfca5b7c2fa2d9a4"",""operation"":""search_analytics"",""period_end"":""2026-09-30"",""period_start"":""2026-09-01"",""provider"":""gsc"",""provider_source_id"":""762e5de812021ad303469a65a82ec6508de388fcf5b7dde4c97d2c6cffdf6a41"",""reporting_identity"":""synthetic-search-console-property"",""search_engine"":""google"",""search_type"":""web"",""source_row_index"":3,""timezone"":""Europe/Minsk"",""value"":1},{""attribution"":""last-click"",""boundary_policy"":""strict"",""collection"":{""collected_at"":null,""reason"":null,""sampled"":false,""state"":""complete"",""thresholded"":false,""truncated"":false},""cross_source_policy"":""juxtapose"",""field_origins"":{""attribution"":""declared"",""collected_at"":""unknown"",""collection_state"":""declared"",""dimensions"":""declared"",""metrics"":""declared"",""operation"":""declared"",""period"":""declared"",""privacy"":""declared"",""provider"":""declared"",""reporting_identity"":""declared"",""sampled"":""declared"",""search_engine"":""unknown"",""search_type"":""unknown"",""site_origin"":""unknown"",""thresholded"":""declared"",""timezone"":""declared"",""truncated"":""declared"",""url_binding"":""declared""},""metric"":""sessions"",""metric_unit"":""count"",""natural_key_sha256"":""b8f3d44e83a8e4972b17b818711e31906c0509f1d18909b3cfca5b7c2fa2d9a4"",""operation"":""run_report"",""period_end"":""2026-09-30"",""period_start"":""2026-09-01"",""provider"":""ga4"",""provider_source_id"":""f617bbcc539d5a3ad11bfe729db446a8b46b56bda77683d681c6b395e9274126"",""reporting_identity"":""synthetic-ga4-property"",""search_engine"":null,""search_type"":null,""source_row_index"":2,""timezone"":""Europe/Minsk"",""value"":2}]"
audit:73121f1fdbf0e2fed6d03e92,db2be2b76e224c3d4c1665e303e8e428,observed_status,seohead.bi.cohort.v1,Observed HTTP status group for this retained crawl URL; no Google-crawl claim.,https://example.com/old-page,https://example.com/old-page,keyed,,member,available,,client_error,404,,,,not_applicable,,,,not_configured,,not_configured,,,,[]
audit:73121f1fdbf0e2fed6d03e92,abdc78a3fda6c60ec9d4e16655f3d2f2,captured_indexability,seohead.bi.cohort.v1,Captured indexability/directive state from the selected retained run.,https://example.com/old-page,https://example.com/old-page,keyed,,member,available,,Non-Indexable,,,,,not_applicable,,,,not_configured,,not_configured,,,,[]
audit:73121f1fdbf0e2fed6d03e92,c1f5a851b08324996e8607f28cb91cea,crawl_relative_depth,seohead.bi.cohort.v1,Crawl-relative depth band; deep means retained crawl depth >= 3.,https://example.com/old-page,https://example.com/old-page,keyed,,member,available,,shallow,2,3,,,not_applicable,,,,not_configured,,not_configured,,,,[]
audit:73121f1fdbf0e2fed6d03e92,5c954ba587a68fb598155004dde78939,observed_unique_inlink_share,seohead.bi.cohort.v1,Observed eligible-page share: numerator is unique retained in-scope sources linking to this target; denominator is in-scope pages with completed HTML link extraction. Repeated occurrences count once per source. Partial scope is not the whole site.,https://example.com/old-page,https://example.com/old-page,keyed,,unclassified,unavailable,retained occurrence evidence and completed source extraction are required,,,,,,unavailable,,,,not_configured,,not_configured,,,,[]
audit:73121f1fdbf0e2fed6d03e92,e41fbc16bfde6cc2374a7d9d42edf3b1,search_visibility_vs_sessions,seohead.bi.cohort.v1,"Search Console clicks and GA sessions are separate axes. A quadrant needs one measured dimensionless URL value from each complete source for the same inclusive local-date window and timezone, with explicit unsampled/unthresholded/untruncated collection and known attribution. Nonnegative counts and source scopes remain separately labelled under strict calendar and cross-source juxtaposition policies; values are never summed.",https://example.com/old-page,https://example.com/old-page,keyed,,unclassified,incomplete,no one-to-one complete compatible URL metric pair is retained,,,,,,not_applicable,,clicks,,unavailable,,unavailable,,,,[]
audit:73121f1fdbf0e2fed6d03e92,44bb8ae2630653756dc43cf7b84165a6,observed_status,seohead.bi.cohort.v1,Observed HTTP status group for this retained crawl URL; no Google-crawl claim.,https://example.com/image.jpg,https://example.com/image.jpg,keyed,,member,available,,successful_html,200,,,,not_applicable,,,,not_configured,,not_configured,,,,[]
audit:73121f1fdbf0e2fed6d03e92,64dc2f3643c0606860f10f92c3bbbab9,captured_indexability,seohead.bi.cohort.v1,Captured indexability/directive state from the selected retained run.,https://example.com/image.jpg,https://example.com/image.jpg,keyed,,member,available,,Indexable,,,,,not_applicable,,,,not_configured,,not_configured,,,,[]
audit:73121f1fdbf0e2fed6d03e92,f5717687cb6603ad99d2a1557049d186,crawl_relative_depth,seohead.bi.cohort.v1,Crawl-relative depth band; deep means retained crawl depth >= 3.,https://example.com/image.jpg,https://example.com/image.jpg,keyed,,member,available,,shallow,1,3,,,not_applicable,,,,not_configured,,not_configured,,,,[]
audit:73121f1fdbf0e2fed6d03e92,c8e1032931a38aac9976b46d43ab454a,observed_unique_inlink_share,seohead.bi.cohort.v1,Observed eligible-page share: numerator is unique retained in-scope sources linking to this target; denominator is in-scope pages with completed HTML link extraction. Repeated occurrences count once per source. Partial scope is not the whole site.,https://example.com/image.jpg,https://example.com/image.jpg,keyed,,unclassified,unavailable,retained occurrence evidence and completed source extraction are required,,,,,,unavailable,,,,not_configured,,not_configured,,,,[]
audit:73121f1fdbf0e2fed6d03e92,ac5132039ee401508f2c92b2ae1c5d6b,search_visibility_vs_sessions,seohead.bi.cohort.v1,"Search Console clicks and GA sessions are separate axes. A quadrant needs one measured dimensionless URL value from each complete source for the same inclusive local-date window and timezone, with explicit unsampled/unthresholded/untruncated collection and known attribution. Nonnegative counts and source scopes remain separately labelled under strict calendar and cross-source juxtaposition policies; values are never summed.",https://example.com/image.jpg,https://example.com/image.jpg,keyed,,unclassified,incomplete,no one-to-one complete compatible URL metric pair is retained,,,,,,not_applicable,,clicks,,unavailable,,unavailable,,,,[]
