phrase;base
seo аудит сайта;4200
seo аудит сайта онлайн;1300
технический аудит сайта;2900
технический seo аудит;880
аудит сайта бесплатно;1900
как провести seo аудит сайта;720
чек лист seo аудита;390
аудит сайта перед продвижением;160
краулер сайта;610
краулер для seo;240
seo краулер на python;90
парсер сайта для seo;480
screaming frog аналог;520
screaming frog бесплатная версия;310
screaming frog выгрузка отчетов;70
проверка robots txt;1600
как проверить robots txt;450
проверка sitemap xml;980
sitemap xml ошибки;260
проверка редиректов сайта;730
цепочки редиректов seo;140
поиск битых ссылок на сайте;1100
проверить битые ссылки онлайн;640
индексация сайта в яндексе;2400
проверка индексации страниц;1350
почему страницы не индексируются;530
канонический url что такое;410
проверка canonical на сайте;120
скорость загрузки сайта проверить;3100
семантическое ядро сайта;2700
как собрать семантическое ядро;1500
кластеризация ключевых слов;880
кластеризация семантического ядра по выдаче;210
частотность ключевых слов;1900
точная частотность wordstat;330
mcp сервер для seo;45
seo инструменты для анализа сайта;1250
seo курсы обучение;3600
вакансии seo специалист;2200
скачать бесплатно seo программу;150
ремонт велосипеда;900
